,pub_year,title,link_url
0,2020,코로나19와 환경보건  당면한 과제와 전망,http://www.dbpia.co.kr/journal/articleDetail?nodeId=NODE10443828
1,2020,새로운 진앙지로 떠오른 라틴아메리카 코로나19 극복 가능한가,http://www.dbpia.co.kr/journal/articleDetail?nodeId=NODE10476866
2,2020,코로나 위기 한국판 뉴딜 그리고 교통 · 물류 부문 응전應戰,http://www.dbpia.co.kr/journal/articleDetail?nodeId=NODE10484639
3,2020,코로나바이러스감염증 2019코로나19 확산과 대기 중 PMSUBgt;10SUBgt; 및 PMSUBgt;25SUBgt; 농도 변화 간의 연관성 대구광역시 사례 분석,http://www.dbpia.co.kr/journal/articleDetail?nodeId=NODE10484169
4,2020,코로나19 시대에 예수님의 강생 묵상  하나에 통하면 모든 것에 통한다,http://www.dbpia.co.kr/journal/articleDetail?nodeId=NODE10480044
5,2020,포스트 코로나 시대 위기를 기회로,http://www.dbpia.co.kr/journal/articleDetail?nodeId=NODE10484370
6,2020,코로나19 정보와 여행 의사결정과정에 관한 연구  목표지향적 행동모형을 활용하여,http://www.dbpia.co.kr/journal/articleDetail?nodeId=NODE10480390
7,2020,앙트러프러너십과 변혁적 리더십이 취·창업 인식에 미치는 영향 연구  코로나 19 사회적 이슈의 매개효과,http://www.dbpia.co.kr/journal/articleDetail?nodeId=NODE10484184
8,2020,어린이집의 코로나19 대응 현황과 어려움에 관한 연구,http://www.dbpia.co.kr/journal/articleDetail?nodeId=NODE10482430
9,2020,장애아통합어린이집의 코로나19 대응 관련 원장의 어려움과 지원요구,http://www.dbpia.co.kr/journal/articleDetail?nodeId=NODE10482424
10,2020,코로나19 펜데믹 상황과 아시아 선교,http://www.dbpia.co.kr/journal/articleDetail?nodeId=NODE10484262
11,2020,컨테이젼gt;과 코로나19의 위험사회론 연구,http://www.dbpia.co.kr/journal/articleDetail?nodeId=NODE10482970
12,2020,교회의 5대 본질적 기능 재고찰을 통한 포스트 코로나 교회론,http://www.dbpia.co.kr/journal/articleDetail?nodeId=NODE10479801
13,2020,신종 코로나바이러스 발생에 따른 경제위기 평가에 대한 비개인적 영향가설 검증 경제단위와 평가시점에 대한 지각분화를 중심으로,http://www.dbpia.co.kr/journal/articleDetail?nodeId=NODE10481831
14,2020,코로나19 상황에서 온라인 원격수업 질적 향상을 위한 학습자 인식 조사  통번역 과목 수강 학부생 설문 조사를 중심으로,http://www.dbpia.co.kr/journal/articleDetail?nodeId=NODE10481761
15,2020,포스트 코로나 시대의 안전한 학교에 대한 소고,http://www.dbpia.co.kr/journal/articleDetail?nodeId=NODE10482000
16,2020,코로나 전염병 위기와 의료자원분배의 우선순위에 대한 법적 고찰  독일의 논의를 중심으로 ,http://www.dbpia.co.kr/journal/articleDetail?nodeId=NODE10480175
17,2020,코로나 펜데믹으로 인한 운동제약 환경에서 노인 테니스 참가자가 지각하는 운동자기효능감이 운동만족과 운동지속의지에 미치는 영향,http://www.dbpia.co.kr/journal/articleDetail?nodeId=NODE10482354
18,2020,인지의미론을 통한 비판적 프레임 분석  〈조선일보〉와 〈한겨레〉의 코로나19 관련 중국어기사 헤드라인을 대상으로,http://www.dbpia.co.kr/journal/articleDetail?nodeId=NODE10482993
19,2020,코로나19로 인한 비자발적 대학 온라인 강의에 대한 만족도 연구,http://www.dbpia.co.kr/journal/articleDetail?nodeId=NODE10481889
20,2020,코로나 19 노인만 격리하는 정책은 타당한가,http://www.dbpia.co.kr/journal/articleDetail?nodeId=NODE10480177
21,2020,프랑스 의료생명윤리 논의의 사회적 확산  코로나 19 전후 보건생명과학윤리 국가자문위원회CCNE 활동을 중심으로,http://www.dbpia.co.kr/journal/articleDetail?nodeId=NODE10480176
22,2020,20세기 초 스페인 독감과 2020년 코로나19가 아프리카 지역에 끼친 영향에 대한 비교분석과 생태선교적 제언,http://www.dbpia.co.kr/journal/articleDetail?nodeId=NODE10484263
23,2020,팩트체크 현황과 이슈에 대한 네트워크 분석  코로나19를 중심으로,http://www.dbpia.co.kr/journal/articleDetail?nodeId=NODE10479710
24,2020,코로나19 사태로 인한 뉴노멀 시대의 목회,http://www.dbpia.co.kr/journal/articleDetail?nodeId=NODE10484264
25,2020,코로나바이러스감염증19COVID19 확산 이후 밀키트에 대한 소비자의 인식에 관한 연구,http://www.dbpia.co.kr/journal/articleDetail?nodeId=NODE10480330
26,2020,신종 코로나바이러스감염증 사태로 본 임금체불의 문제,http://www.dbpia.co.kr/journal/articleDetail?nodeId=NODE10482213
27,2020,코로나19 시대 니버의 상징론에 대한 소고 상징과 기독교 윤리,http://www.dbpia.co.kr/journal/articleDetail?nodeId=NODE10484261
28,2020,STORY amp; LIFE 코로나 방역용 국민 개인정보 엄격히 다뤄야,http://www.dbpia.co.kr/journal/articleDetail?nodeId=NODE10484416
29,2020,한전 기자재 협력사들과 품질 향상 위한 이슈 공유  포스트 코로나 대비 한전기자재 협력사 통합 품질 워크숍 개최 품질현안 이슈 공유 및 정책개선 의견수렴을 통한 상생발전 도모,http://www.dbpia.co.kr/journal/articleDetail?nodeId=NODE10484396
30,2020,이현주의 취재 일기 코로나보다 위험한 지구  환경의 미래,http://www.dbpia.co.kr/journal/articleDetail?nodeId=NODE10477938
31,2020,교회 이야기 포스트코로나 시대 위기가 기회이다 하늘빛감리교회,http://www.dbpia.co.kr/journal/articleDetail?nodeId=NODE10477918
32,2020,코로나19 이후 여행시장 변화와 전망,http://www.dbpia.co.kr/journal/articleDetail?nodeId=NODE10484480
33,2020,코로나19 이후 관광정책 대응 전략 웹세미나  포스트 코로나19 관광정책의 방향을 논의하다,http://www.dbpia.co.kr/journal/articleDetail?nodeId=NODE10484485
34,2020,전시 위드 코로나 시대의 풍경 온라인 전시회,http://www.dbpia.co.kr/journal/articleDetail?nodeId=NODE10475959
35,2020,고등학생의 코로나19 예방행위 영향요인,http://www.dbpia.co.kr/journal/articleDetail?nodeId=NODE10478135
36,2020,코로나19 이후 국제회의업 생태계 변화와 향후 전망,http://www.dbpia.co.kr/journal/articleDetail?nodeId=NODE10484482
37,2020,좌담회  코로나19 이후 관광산업의 미래 변화와 정책 방향 모색,http://www.dbpia.co.kr/journal/articleDetail?nodeId=NODE10484479
38,2020,코로나 바이러스 감염증19 유행 상황으로 인한 초기아동 부모의 건강증진행위 영향요인,http://www.dbpia.co.kr/journal/articleDetail?nodeId=NODE10478140
39,2020,대구지역 간호 학생의 코로나19 팬데믹 경험,http://www.dbpia.co.kr/journal/articleDetail?nodeId=NODE10478160
40,2020,정책정보 코로나 TF 관광 분야 지표 동향,http://www.dbpia.co.kr/journal/articleDetail?nodeId=NODE10484489
41,2020,독일 코로나19 이후 독일 장애인 노동시장 현황 및 노동정책,http://www.dbpia.co.kr/journal/articleDetail?nodeId=NODE10477218
42,2020,코로나 바이러스의 예방과 치료,http://www.dbpia.co.kr/journal/articleDetail?nodeId=NODE10481970
43,2020,일본 일본의 코로나19를 둘러싼 상황과 정부의 장애인 지원,http://www.dbpia.co.kr/journal/articleDetail?nodeId=NODE10477220
44,2020,한국 코로나19와 한국의 장애인 고용정책,http://www.dbpia.co.kr/journal/articleDetail?nodeId=NODE10477222
45,2020,호주 코로나 19에 대응한 호주의 장애인 고용,http://www.dbpia.co.kr/journal/articleDetail?nodeId=NODE10477221
46,2020,코로나19에 대응하는 프랑스 관광산업 대응전략,http://www.dbpia.co.kr/journal/articleDetail?nodeId=NODE10484487
47,2020,미국패권의 조력자 혹은 다자주의 촉진자  코로나 19를 둘러싼 국제사회의 패권경쟁과 국내 언론의 담론정치,http://www.dbpia.co.kr/journal/articleDetail?nodeId=NODE10475853
48,2020,코로나19가 야기한 프랑스의 정치 · 경제 · 사회적 문제에 대한 최신 연구 소개,http://www.dbpia.co.kr/journal/articleDetail?nodeId=NODE10482462
49,2020,정보공개법상 개인정보 보호와 공익의 조화  코로나19 팬데믹하에서의 프라이버시 침해를 중심으로,http://www.dbpia.co.kr/journal/articleDetail?nodeId=NODE10475857
50,2020,프랑스의 소득보장과 코로나19 위기에 대한 정책대응,http://www.dbpia.co.kr/journal/articleDetail?nodeId=NODE10482458
51,2020,코로나19 위기대응  독일과 오스트리아 사례,http://www.dbpia.co.kr/journal/articleDetail?nodeId=NODE10482459
52,2020,이탈리아의 소득보장과 코로나19 위기에 대한 정책대응,http://www.dbpia.co.kr/journal/articleDetail?nodeId=NODE10482457
53,2020,스페인의 소득보장과 코로나19 위기에 대한 정책대응,http://www.dbpia.co.kr/journal/articleDetail?nodeId=NODE10482456
54,2020,기고 한의학적 관점에서 본 코로나19 바이러스와 면역력 증진,http://www.dbpia.co.kr/journal/articleDetail?nodeId=NODE10476955
55,2020,코로나19 위기와 사회경제체제 전환 모색,http://www.dbpia.co.kr/journal/articleDetail?nodeId=NODE10477018
56,2020,기업과 노동시장 참여자의 코로나19 위기대응 양상,http://www.dbpia.co.kr/journal/articleDetail?nodeId=NODE10477017
57,2020,코로나19 확산 이후 국가별 정책대응과 고용지표 현황,http://www.dbpia.co.kr/journal/articleDetail?nodeId=NODE10477019
58,2020,통계로 보는 세상이야기  코로나편 코로나19 이후 통행 데이터로 본 세상  비행기 · 고속철도 이용량 감소 ··· 영화관 매출 저하 기인_서울 강남 · 경기 판교 이동량 줄어 ··· IT직군 발빠른 대처,http://www.dbpia.co.kr/journal/articleDetail?nodeId=NODE10475745
59,2020,코로나19 이후 생활업종별 사업자 수 변화,http://www.dbpia.co.kr/journal/articleDetail?nodeId=NODE10477021
60,2020,코로나 위기 속의 경제 활성화 정책,http://www.dbpia.co.kr/journal/articleDetail?nodeId=NODE10475365
61,2020,ZOOM UP  한전KDN 비대면Untact 원격 감사기법 도입  자체개발 청백e감사시스템 활용 온라인 원격감사로 전환_온라인 활용 시스템으로 포스트코로나 감사업무 효율성 증대,http://www.dbpia.co.kr/journal/articleDetail?nodeId=NODE10447162
62,2020,코로나19와 지구화의 변화,http://www.dbpia.co.kr/journal/articleDetail?nodeId=NODE10443189
63,2020,코로나와 신자유주의 그리고 코로나 세대의 연극,http://www.dbpia.co.kr/journal/articleDetail?nodeId=NODE10478403
64,2020,코로나바이러스감염증19의 확산과 식량 및 기타 상품의 수출규제에 관한 연구,http://www.dbpia.co.kr/journal/articleDetail?nodeId=NODE10477873
65,2020,코로나 19 사태로 바라본 음악대학 교육의 실태 보고 비대면 학습의 문제점과 대처 방안을 중심으로,http://www.dbpia.co.kr/journal/articleDetail?nodeId=NODE10445816
66,2020,포스트 코로나 시대 뮤지엄 온라인 전시 유형에 관한 연구,http://www.dbpia.co.kr/journal/articleDetail?nodeId=NODE10445815
67,2020,코로나19와 신흥안보의 복합지정학  팬데믹의 창발과 세계정치의 변환,http://www.dbpia.co.kr/journal/articleDetail?nodeId=NODE10443889
68,2020,ZOOM UP  한국원자력안전기술원 2020 대한민국 소비자대상 사회적가치 실현 부문 수상  사회적가치 실현 협업체계 구축 지역 특화 사회공헌 기여_다양한 사회가치 분야 활동··· 코로나19 극복 손길도 꾸준,http://www.dbpia.co.kr/journal/articleDetail?nodeId=NODE10447184
69,2020,정책제안 마이스업계와 코로나19,http://www.dbpia.co.kr/journal/articleDetail?nodeId=NODE10477250
70,2020,코로나19와 한국 사회  정치 경제 사회 젠더 통일안보 분야,http://www.dbpia.co.kr/journal/articleDetail?nodeId=NODE10442597
71,2020,위드 코로나 시대 주민자치의 모습은 언택트 시대를 온택트로 돌파,http://www.dbpia.co.kr/journal/articleDetail?nodeId=NODE10475247
72,2020,코로나19와 한국교회,http://www.dbpia.co.kr/journal/articleDetail?nodeId=NODE10442598
73,2020,코로나19시대 공적 연금의 역할은,http://www.dbpia.co.kr/journal/articleDetail?nodeId=NODE10477340
74,2020,코로나 시대 웹web기반 유아부모 세대통합 예배 전략과 실제 기독교 유아사회정서인성 개발 프로그램을 중심으로,http://www.dbpia.co.kr/journal/articleDetail?nodeId=NODE10478967
75,2020,코로나19 대응 거버넌스의 성공 요인에 관한 탐색적 연구 성과중심적 거버넌스 모형을 활용하여,http://www.dbpia.co.kr/journal/articleDetail?nodeId=NODE10442637
76,2020,국가 감염병 공동Ramp;D전략 수립을 위한 분류체계 및 정보서비스에 대한 연구 해외 코로나바이러스 Ramp;D과제의 분류모델을 중심으로,http://www.dbpia.co.kr/journal/articleDetail?nodeId=NODE10446045
77,2020,작업치료 전공 학생들의 코로나19로 인한 실습 중단 경험 현상학적 연구,http://www.dbpia.co.kr/journal/articleDetail?nodeId=NODE10443260
78,2020,포스트 코로나 시대의 불교음악과 그 대안,http://www.dbpia.co.kr/journal/articleDetail?nodeId=NODE10477476
79,2020,4차 산업혁명이 의료관광과 건강증진에 미치는 영향 코로나바이러스의 먹거리 안전성 조절효과,http://www.dbpia.co.kr/journal/articleDetail?nodeId=NODE10479758
80,2020,코로나19의 미국 면세산업 영향 분석,http://www.dbpia.co.kr/journal/articleDetail?nodeId=NODE10477742
81,2020,리차드 오스머의 기독교교육 사상과 포스트 코로나 기독교교육에 대한 함의  교수사역과 실천신학적 접근을 중심으로,http://www.dbpia.co.kr/journal/articleDetail?nodeId=NODE10475629
82,2020,미디어 이슈를 통해 본 포스트 코로나 시대의 도서관 서비스 연구,http://www.dbpia.co.kr/journal/articleDetail?nodeId=NODE10444461
83,2020,코로나19 이후 원격 주주총회 제도화에 대한 소고,http://www.dbpia.co.kr/journal/articleDetail?nodeId=NODE10476883
84,2020,코로나19사태와 자동차 산업의 미래  한국 자동차 산업을 중심으로,http://www.dbpia.co.kr/journal/articleDetail?nodeId=NODE10445813
85,2020,초국경 환경오염 관련 국가의 책임과 코로나19 바이러스 유출 사태의 적용,http://www.dbpia.co.kr/journal/articleDetail?nodeId=NODE10477139
86,2020,포스트 코로나바이러스 시대의 죽음 이해 하이데거와 사르트르를 중심으로,http://www.dbpia.co.kr/journal/articleDetail?nodeId=NODE10447031
87,2020,A phylodynamic analysis of epidemiological situation of East Asia due to the coronavirus disease of 2019,http://www.dbpia.co.kr/journal/articleDetail?nodeId=NODE10476683
88,2020,코로나19 발생에 따른 장애인 지원 현황과 정책 과제,http://www.dbpia.co.kr/journal/articleDetail?nodeId=NODE10476911
89,2020,코로나 위기에 대한 신화적·인문학적 성찰  〈손님굿〉 신화 속 질병신의 속성과 인간의 대응을 중심으로,http://www.dbpia.co.kr/journal/articleDetail?nodeId=NODE10446683
90,2020,코로나19 팩트체크 기사와 해설 기사의 차이에 대한 탐색적 연구 맥락성과 투명성을 중심으로,http://www.dbpia.co.kr/journal/articleDetail?nodeId=NODE10445331
91,2020,코로나 19 이후 시대를 대비하는 자기명료화를 위한 온라인 진로교육 프로그램 개발에 관한 탐색적 접근,http://www.dbpia.co.kr/journal/articleDetail?nodeId=NODE10444209
92,2020,면역리허설 2  베르톨트 브레히트의 거리두기 효과 극대화를 위한 연출과 연기술 연구 코로나 바이러스Covid19 中心으로  불편함의 미학,http://www.dbpia.co.kr/journal/articleDetail?nodeId=NODE10478417
93,2020,동학정신과 코로나19 이후 미래사회,http://www.dbpia.co.kr/journal/articleDetail?nodeId=NODE10477481
94,2020,코로나19 이후 새로운 기독교 통일교육 과정 개발에 관한 연구,http://www.dbpia.co.kr/journal/articleDetail?nodeId=NODE10478969
95,2020,실학여행 코로나19 시대의 문제적 인물,http://www.dbpia.co.kr/journal/articleDetail?nodeId=NODE10477263
96,2020,지자체장 인터뷰 코로나도 막지 못하는 인천의 슈퍼강호 1등 자치구 수장의 힘찬 발걸음  이강호 인천광역시 남동구청장,http://www.dbpia.co.kr/journal/articleDetail?nodeId=NODE10475253
97,2020,코로나 아웃마케팅,http://www.dbpia.co.kr/journal/articleDetail?nodeId=NODE10476184
98,2020,위드 코로나19with COVID19 시대 함께 할 준비 되셨나요,http://www.dbpia.co.kr/journal/articleDetail?nodeId=NODE10475259
99,2020,제1주차 “로컬의 재발견 코로나 시대의 도시와 경제”  “Art Today; Interdisciplinary Alchemist”  도시와 공공미술 ,http://www.dbpia.co.kr/journal/articleDetail?nodeId=NODE10476258
100,2020,기획노트 2020 밀양공연예술축제  코로나19요 전쟁 중에도 연극은 했습니다,http://www.dbpia.co.kr/journal/articleDetail?nodeId=NODE10478414
101,2020,위드with 코로나 시대 질병 위기와 공동체,http://www.dbpia.co.kr/journal/articleDetail?nodeId=NODE10478507
102,2020,좌절된 코로나위기 극복을 위한 원포인트 노사정 교섭과 민주노총의 과제,http://www.dbpia.co.kr/journal/articleDetail?nodeId=NODE10445745
103,2020,코로나19 이후 재난에 대응하는 사회복지관의 기능강화 방안,http://www.dbpia.co.kr/journal/articleDetail?nodeId=NODE10478510
104,2020,코로나 19 서울시 사회서비스 대응의 성과와 과제,http://www.dbpia.co.kr/journal/articleDetail?nodeId=NODE10478509
105,2020,지역뉴스 부문_제141회 이달의 방송기자상 부실한 항만 방역 코로나19에 뚫려버린 부산항  〈감천항 러시아 선박 코로나19 집단 확진 단독 연속보도〉2020년 6월 22일25일 30일 7월 6일 보도 KNN 황보람 김민욱 정성욱 기자,http://www.dbpia.co.kr/journal/articleDetail?nodeId=NODE09873382
106,2020,정책제안 코로나 이후 중소기업 Ramp;D 지원 방향,http://www.dbpia.co.kr/journal/articleDetail?nodeId=NODE10477249
107,2020,코로나19와 정상적인 사회,http://www.dbpia.co.kr/journal/articleDetail?nodeId=NODE10445743
108,2020,코로나19COVID19 극복방안과 일차대응 의료시스템 구축,http://www.dbpia.co.kr/journal/articleDetail?nodeId=NODE10475700
109,2020,코로나19 시대 원격의료 반드시 필요한가,http://www.dbpia.co.kr/journal/articleDetail?nodeId=NODE10475705
110,2020,해외통신원 소식 코로나가 통행행동에 미치는 영향  네덜란드의 사례,http://www.dbpia.co.kr/journal/articleDetail?nodeId=NODE10476021
111,2020,코로나 시대의 작은 희망,http://www.dbpia.co.kr/journal/articleDetail?nodeId=NODE09874156
112,2020,코로나19 재가노인복지시설의 대응과 과제,http://www.dbpia.co.kr/journal/articleDetail?nodeId=NODE10478512
113,2020,코로나19가 깨워낸 언택트 콘텐츠 그 가능성과 한계,http://www.dbpia.co.kr/journal/articleDetail?nodeId=NODE10445692
114,2020,국가의 말 한일 코로나 위기 대처를 중심으로,http://www.dbpia.co.kr/journal/articleDetail?nodeId=NODE10292372
115,2020,코로나19의 딜레마 프라이버시 vs 방역의 효율 스마트 방역 시대의 프라이버시 논란,http://www.dbpia.co.kr/journal/articleDetail?nodeId=NODE10441353
116,2020,코로나 시대 사회복지 현장의 증언과 기록 “생활시설의 대응과 과제”,http://www.dbpia.co.kr/journal/articleDetail?nodeId=NODE10478511
117,2020,코로나19 이후 주요 사회변화와 정보보안 이슈 분석,http://www.dbpia.co.kr/journal/articleDetail?nodeId=NODE09910486
118,2020,코로나19가 미국인들의 정신건강에 미친 영향,http://www.dbpia.co.kr/journal/articleDetail?nodeId=NODE10475392
119,2020,코로나19 위기  미국 노동시장에 미친 영향 및 정책대응,http://www.dbpia.co.kr/journal/articleDetail?nodeId=NODE10475390
120,2020,부산 글로벌 전자상거래 해상물류 허브 구축  코로나 사태로 급성장하는 글로벌 전자상거래 대응 부산 전략,http://www.dbpia.co.kr/journal/articleDetail?nodeId=NODE10475511
121,2020,코로나 시대를 마주하는 뮤지엄 운영환경의 현실과 대응 방안,http://www.dbpia.co.kr/journal/articleDetail?nodeId=NODE09874294
122,2020,코로나19 대응 원격교육을 위한 온라인 음악 콘텐츠 활용실태와 교사인식,http://www.dbpia.co.kr/journal/articleDetail?nodeId=NODE10479197
123,2020,KOTI NEWS 원내행사_「개원 34주년 기념 “포스트 코로나 교통물류부문의 미래” 세미나」 개최,http://www.dbpia.co.kr/journal/articleDetail?nodeId=NODE10476018
124,2020,포스트 코로나 시대 영화관과 영화산업 전망,http://www.dbpia.co.kr/journal/articleDetail?nodeId=NODE09874295
125,2020,코로나 이후의 클래식 공연,http://www.dbpia.co.kr/journal/articleDetail?nodeId=NODE09874297
126,2020,위기의 계보학으로 읽는 코로나 시대의 연극,http://www.dbpia.co.kr/journal/articleDetail?nodeId=NODE09874296
127,2020,수정판코로나 19와 한국농업 위협 기회 대책,http://www.dbpia.co.kr/journal/articleDetail?nodeId=NODE10476823
128,2020,코로나 사태로 급해진 민주주의 패러다임의 변화 자유주의와 공동체주의의 조화를 향해,http://www.dbpia.co.kr/journal/articleDetail?nodeId=NODE09933877
129,2020,외국의 코로나 대응 경제정책,http://www.dbpia.co.kr/journal/articleDetail?nodeId=NODE10328981
130,2020,바야흐로 코로나 시대,http://www.dbpia.co.kr/journal/articleDetail?nodeId=NODE10446426
131,2020,코로나의 철학적 도전 안전인가 아니면 자유인가,http://www.dbpia.co.kr/journal/articleDetail?nodeId=NODE09933876
132,2020,코로나 사태 이후의 국제정치 변화,http://www.dbpia.co.kr/journal/articleDetail?nodeId=NODE09933880
133,2020,포스트 코로나 뉴노멀과 신문명 패러다임,http://www.dbpia.co.kr/journal/articleDetail?nodeId=NODE09933878
134,2020,코로나19의 도전과 응전,http://www.dbpia.co.kr/journal/articleDetail?nodeId=NODE09933873
135,2020,코로나 이후의 세계를 맞이하는 방법,http://www.dbpia.co.kr/journal/articleDetail?nodeId=NODE09874079
136,2020,코로나와 아시아의 타자화,http://www.dbpia.co.kr/journal/articleDetail?nodeId=NODE09874076
137,2020,소셜네트워크 빅데이터를 활용한 코로나 19에 따른 프로야구 관람문화조사,http://www.dbpia.co.kr/journal/articleDetail?nodeId=NODE10014723
138,2020,포스트 코로나 시대 먹거리 패러다임의 변화와 대응,http://www.dbpia.co.kr/journal/articleDetail?nodeId=NODE10475325
139,2020,코로나19 팬데믹pandemic과 복지국가의 정치경제학  위기 이후 복지국가의 길들,http://www.dbpia.co.kr/journal/articleDetail?nodeId=NODE09807380
140,2020,코로나19 팬데믹과 국가,http://www.dbpia.co.kr/journal/articleDetail?nodeId=NODE09872533
141,2020,프로스포츠 팬의 코로나 19 스트레스 평가와 향후 관람의도의 관계에서 스트레스 대처전략의 매개효과 검증,http://www.dbpia.co.kr/journal/articleDetail?nodeId=NODE09806710
142,2020,프로스포츠 팬의 팀 동일시와 코로나 19에 대한 스트레스 대처행동 향후 경기관람의도의 영향 관계,http://www.dbpia.co.kr/journal/articleDetail?nodeId=NODE09807424
143,2020,코로나19의 제약을 견디는 사람들  공동체의식 사회적 책임의식 및 자기오락화 역량을 중심으로,http://www.dbpia.co.kr/journal/articleDetail?nodeId=NODE09873940
144,2020,중국의 코로나19가 애플리케이션 사용추세에 미치는 영향 연구,http://www.dbpia.co.kr/journal/articleDetail?nodeId=NODE09871934
145,2020,코로나 이후 종교심과 신앙 감각의 새로운 변화,http://www.dbpia.co.kr/journal/articleDetail?nodeId=NODE09417594
146,2020,코로나 시대의 시민사회,http://www.dbpia.co.kr/journal/articleDetail?nodeId=NODE09933881
147,2020,포스트 코로나 재정 유지 가능성 관리의 중요성,http://www.dbpia.co.kr/journal/articleDetail?nodeId=NODE10328979
148,2020,축소지향의 생존전략 뉴노멀 시대의 한국영화  코로나 이후 한국영화산업의 변화에 대해,http://www.dbpia.co.kr/journal/articleDetail?nodeId=NODE09874093
149,2020,코로나19와 가치 일반화,http://www.dbpia.co.kr/journal/articleDetail?nodeId=NODE10446424
150,2020,코로나 위기 기술적 해결책의 한계,http://www.dbpia.co.kr/journal/articleDetail?nodeId=NODE09874078
151,2020,코로나 사태는 미중관계의 변곡점이 될 것인가,http://www.dbpia.co.kr/journal/articleDetail?nodeId=NODE09874077
152,2020,코로나19 시대 지방재정의 진로,http://www.dbpia.co.kr/journal/articleDetail?nodeId=NODE10328980
153,2020,코로나19 확산세 심각 정부가 서둘러야 하는 과제는2020 8 24,http://www.dbpia.co.kr/journal/articleDetail?nodeId=NODE09873626
154,2020,국민의 위기 코로나 기업의 기회 코로나,http://www.dbpia.co.kr/journal/articleDetail?nodeId=NODE09874043
155,2020,월터 브루그만의 『다시 춤추기 시작할 때까지 코로나 시대 성경이 펼치는 예언자적 상상력 코로나19 시대에 구약학자가 준 고마운 선물,http://www.dbpia.co.kr/journal/articleDetail?nodeId=NODE09415676
156,2020,닫힌 극장문과 열린 안방문  코로나가 바꾼 미국의 영화 환경 변화,http://www.dbpia.co.kr/journal/articleDetail?nodeId=NODE09874094
157,2020,포스트 코로나 시대의 세계 경제 변화와 대응 방향,http://www.dbpia.co.kr/journal/articleDetail?nodeId=NODE09933875
158,2020,포스트코로나 시대 한국 동화의 도전  개성적 인물의 창조로 아동문학 펼치기,http://www.dbpia.co.kr/journal/articleDetail?nodeId=NODE10479113
159,2020,포스트 코로나와 재정 대응 및 과제,http://www.dbpia.co.kr/journal/articleDetail?nodeId=NODE10328978
160,2020,코로나19가 건설산업에 미치는 영향 및 대응방안,http://www.dbpia.co.kr/journal/articleDetail?nodeId=NODE09417492
161,2020,포스트코로나 시대 동시의 전회SUPgt;轉回SUPgt;,http://www.dbpia.co.kr/journal/articleDetail?nodeId=NODE10479112
162,2020,한국사회 코로나 불평등의 위계,http://www.dbpia.co.kr/journal/articleDetail?nodeId=NODE09874075
163,2020,코로나19의 과학과 인포데믹,http://www.dbpia.co.kr/journal/articleDetail?nodeId=NODE09933882
164,2020,정책제안 포스트 코로나 시대를 대비하는 지역축제의 방향,http://www.dbpia.co.kr/journal/articleDetail?nodeId=NODE10328991
165,2020,코로나 이후의 삶,http://www.dbpia.co.kr/journal/articleDetail?nodeId=NODE10446423
166,2020,관광 정보 매체와 국내 관광의 영향에 관한 연구 코로나19와 TV 프로그램을 중심으로,http://www.dbpia.co.kr/journal/articleDetail?nodeId=NODE10475804
167,2020,포스트코로나 시대 비대면 공연예술의 전망과 과제,http://www.dbpia.co.kr/journal/articleDetail?nodeId=NODE10475444
168,2020,장애대학생의 관점에서 살펴본 코로나 사태에 따른 비대면 수업의 실태와 문제점,http://www.dbpia.co.kr/journal/articleDetail?nodeId=NODE09871668
169,2020,국민이 전망한 코로나 이후 미래 사회,http://www.dbpia.co.kr/journal/articleDetail?nodeId=NODE10475327
170,2020,코로나19 이후 세계 질서와 글로벌 가치사슬의 변화,http://www.dbpia.co.kr/journal/articleDetail?nodeId=NODE10475318
171,2020,코로나 19로 인한 비대면 교양영어 수업의 학습자 반응에 관한 연구,http://www.dbpia.co.kr/journal/articleDetail?nodeId=NODE09871960
172,2020,포스트 코로나 시대  이동 패러다임의 변화,http://www.dbpia.co.kr/journal/articleDetail?nodeId=NODE10475326
173,2020,국가의 거리  코로나19와 장애인의 삶 그 현황과 대책,http://www.dbpia.co.kr/journal/articleDetail?nodeId=NODE09807382
174,2020,코로나 19 이후 교양 교육 방향 탐색,http://www.dbpia.co.kr/journal/articleDetail?nodeId=NODE09871955
175,2020,코로나 뉴노멀New Normal시대 지역사회복지의 변화와 방향,http://www.dbpia.co.kr/journal/articleDetail?nodeId=NODE09873547
176,2020,코로나19 바이러스와 같은 감염병 검사를 위한 바이오 진단 기술의 연구동향,http://www.dbpia.co.kr/journal/articleDetail?nodeId=NODE09873414
177,2020,코로나가 촉발한 언택트 소비트렌드와 미래 전망,http://www.dbpia.co.kr/journal/articleDetail?nodeId=NODE10475320
178,2020,코로나19 시대의 가격급등에 대한 공정거래위원회의 역할  보건용 마스크 사례를 중심으로 ,http://www.dbpia.co.kr/journal/articleDetail?nodeId=NODE09910148
179,2020,코로나19의 창조신학,http://www.dbpia.co.kr/journal/articleDetail?nodeId=NODE09874215
180,2020,코로나19의 사회영향과 SDGs 대응과제  한 · 중 · 일을 중심으로 ,http://www.dbpia.co.kr/journal/articleDetail?nodeId=NODE09871933
181,2020,코로나19로 인한 경기침체와 재정의 역할,http://www.dbpia.co.kr/journal/articleDetail?nodeId=NODE10328977
182,2020,코로나19 사회적 사태를 경험한 65세 이상 노인들의 정서적 변화에 대한 현상학적 연구,http://www.dbpia.co.kr/journal/articleDetail?nodeId=NODE10014726
183,2020,위드 코로나 시대에 민낯을 드러내는 불평등 사회,http://www.dbpia.co.kr/journal/articleDetail?nodeId=NODE10441300
184,2020,코로나 일상과 이후의 교회 신자 생활,http://www.dbpia.co.kr/journal/articleDetail?nodeId=NODE09417596
185,2020,코로나19와 사회이론 바이러스 사회적 거리두기 비말을 중심으로,http://www.dbpia.co.kr/journal/articleDetail?nodeId=NODE10477843
186,2020,코로나 19에 대응하는 사회복지 실천현장에서의 서비스에 관한 토론,http://www.dbpia.co.kr/journal/articleDetail?nodeId=NODE09873783
187,2020,코로나19 이후 국제통상질서의 변화와 통상규범의 발전 방향에 대한 연구,http://www.dbpia.co.kr/journal/articleDetail?nodeId=NODE09871821
188,2020,코로나 팬데믹 시대의 평신도 신앙을 발견하다,http://www.dbpia.co.kr/journal/articleDetail?nodeId=NODE09417595
189,2020,코로나19 대응조치의 통상법·정책적 쟁점,http://www.dbpia.co.kr/journal/articleDetail?nodeId=NODE09871819
190,2020,코로나바이러스감염증19 대응 및 회복에 대한 UNCITRAL의 견해,http://www.dbpia.co.kr/journal/articleDetail?nodeId=NODE09871818
191,2020,코로나19 팬더믹과 공항산업 회복 방안,http://www.dbpia.co.kr/journal/articleDetail?nodeId=NODE10446149
192,2020,포스트 코로나 시대의 기후변화대응과 한국판 그린 뉴딜,http://www.dbpia.co.kr/journal/articleDetail?nodeId=NODE10475321
193,2020,코로나가 불러온 경제 위기 재정의 역할은,http://www.dbpia.co.kr/journal/articleDetail?nodeId=NODE10328976
194,2020,정책제안 코로나 시대 기본소득이 답이다,http://www.dbpia.co.kr/journal/articleDetail?nodeId=NODE10328988
195,2020,포스트 코로나 시대의 디지털 전환과 언택트 혁신,http://www.dbpia.co.kr/journal/articleDetail?nodeId=NODE10475323
196,2020,정책포커스 포스트 코로나 시대 생명·건강의 아이콘이 되다,http://www.dbpia.co.kr/journal/articleDetail?nodeId=NODE10328983
197,2020,작품 마스크를 쓴 코로나 박쥐들 외 4편,http://www.dbpia.co.kr/journal/articleDetail?nodeId=NODE10441386
198,2020,코로나 예방 숙제 외 1편,http://www.dbpia.co.kr/journal/articleDetail?nodeId=NODE09875018
199,2020,코로나 부음,http://www.dbpia.co.kr/journal/articleDetail?nodeId=NODE09933872
200,2020,정부 최저 금리 수준으로 금융 지원 나선다  코로나 19 피해 관련 유휴시설 유지에 03 수준의 융자 지원,http://www.dbpia.co.kr/journal/articleDetail?nodeId=NODE09871419
201,2020,코로나 19 외 1편,http://www.dbpia.co.kr/journal/articleDetail?nodeId=NODE09875020
202,2020,코로나 19 발생 이후 호스피탈러티 전공 수강생들의 수업 이해도와 만족도 분석 호스피탈러티기업분석론 수강생을 대상으로,http://www.dbpia.co.kr/journal/articleDetail?nodeId=NODE09872522
203,2020,포스트 코로나 시대의 디지털 트랜스포메이션과 한국에의 시사점,http://www.dbpia.co.kr/journal/articleDetail?nodeId=NODE10475319
204,2020,코로나 시대 가정폭력은 증가했을까,http://www.dbpia.co.kr/journal/articleDetail?nodeId=NODE10441563
205,2020,감염병코로나19에 대한 노동자직장인의 심리상담 사례,http://www.dbpia.co.kr/journal/articleDetail?nodeId=NODE10441458
206,2020,특별기고 2020년 후쿠시마에서 코로나 재해를 생각한다,http://www.dbpia.co.kr/journal/articleDetail?nodeId=NODE09417064
207,2020,“포스트 코로나 철강업계 대응방향”,http://www.dbpia.co.kr/journal/articleDetail?nodeId=NODE09873468
208,2020,코로나바이러스COVID19 감염에 대한 일반대중의 두려움과 심리 사회적 경험이 우울 불안에 미치는 영향,http://www.dbpia.co.kr/journal/articleDetail?nodeId=NODE10441486
209,2020,코로나 19의 두 얼굴 도전과 성장,http://www.dbpia.co.kr/journal/articleDetail?nodeId=NODE10441452
210,2020,코로나 블루 예방을 위한 전화상담이 대학생의 우울과 주관적 안녕감에 미치는 효과,http://www.dbpia.co.kr/journal/articleDetail?nodeId=NODE10441559
211,2020,EP NEWS 한전 코로나19 위기 극복 위한 중소기업 판로개척 앞장 외,http://www.dbpia.co.kr/journal/articleDetail?nodeId=NODE09410760
212,2020,대한전기학회 2020년 제51회 대한전기학회 하계학술대회 개최  1200여편 논문 발표 및 13개 전문 워크숍 열려_코로나19 여파로 개인방역 및 사회적거리두기 충실_전문워크숍 · 패널 토론 · 학술발표회 등 다채로운 발표,http://www.dbpia.co.kr/journal/articleDetail?nodeId=NODE09410732
213,2020,PHOTO NEWS 2020 국제그린에너지엑스포 성료 그린뉴딜 이정표 제시  한국판 그린뉴딜의 새로운 산업 · 트렌드 확인_코로나 방역대책 수립 안전한 전시회 주력,http://www.dbpia.co.kr/journal/articleDetail?nodeId=NODE09410759
214,2020,코로나19 이후 평생교육 과제와 전망,http://www.dbpia.co.kr/journal/articleDetail?nodeId=NODE09415771
215,2020,포스트 코로나 시대의 교육에 대한 사유SUPgt;思惟SUPgt;,http://www.dbpia.co.kr/journal/articleDetail?nodeId=NODE09415773
216,2020,코로나COVID19에 따른 항공산업의 위기관리와 과제,http://www.dbpia.co.kr/journal/articleDetail?nodeId=NODE09412552
217,2020,제이슨 솅커 〈코로나 이후의 세계〉,http://www.dbpia.co.kr/journal/articleDetail?nodeId=NODE09410817
218,2020,개발협력의 관점에서 본 코로나19의 영향과 대응방안,http://www.dbpia.co.kr/journal/articleDetail?nodeId=NODE09873709
219,2020,코로나19 대응 농업·농촌부문 영향과 대응과제,http://www.dbpia.co.kr/journal/articleDetail?nodeId=NODE09413064
220,2020,포스트 코로나 시대 국가사회 디지털 대전환,http://www.dbpia.co.kr/journal/articleDetail?nodeId=NODE09410812
221,2020,코로나19 이후 교육을 돌아보다,http://www.dbpia.co.kr/journal/articleDetail?nodeId=NODE09415772
222,2020,특허 소식 세계 지식 재산 5대 강국IP5 코로나19 위기 공동 대응키로 외,http://www.dbpia.co.kr/journal/articleDetail?nodeId=NODE09415819
223,2020,코로나19에도 이어진 위법하고 위험한 요양노동실태,http://www.dbpia.co.kr/journal/articleDetail?nodeId=NODE09411215
224,2020,교계 포커스 도래한 포스트 코로나 과거에 갇힌 교회,http://www.dbpia.co.kr/journal/articleDetail?nodeId=NODE09380148
225,2020,정책제안 코로나19를 통해 본 지방의회의 역할과 과제,http://www.dbpia.co.kr/journal/articleDetail?nodeId=NODE09415780
226,2020,정책제안 코로나 시대 노인복지의 방향,http://www.dbpia.co.kr/journal/articleDetail?nodeId=NODE09415779
227,2020,KSME 오피니언 코로나19 이후 뉴 노멀 시대의 과학 기술,http://www.dbpia.co.kr/journal/articleDetail?nodeId=NODE09415802
228,2020,코로나19와 사회복지관의 대응과 과제,http://www.dbpia.co.kr/journal/articleDetail?nodeId=NODE09411213
229,2020,코로나19 신종감염병과 병원노동 현장,http://www.dbpia.co.kr/journal/articleDetail?nodeId=NODE09411212
230,2020,코로나19와 보피스BOPIS 마케팅,http://www.dbpia.co.kr/journal/articleDetail?nodeId=NODE09413715
231,2020,코로나19 시대 장애인거주시설 현장,http://www.dbpia.co.kr/journal/articleDetail?nodeId=NODE09411214
232,2020,미국 주SUPgt;州SUPgt;의회의 코로나19 대응을 위한 초 · 중등교육 분야 입법 동향,http://www.dbpia.co.kr/journal/articleDetail?nodeId=NODE09415774
233,2020,코로나19 동선공개에 대한 법적 고찰  개인정보 및 사생활 침해의 문제를 중심으로 ,http://www.dbpia.co.kr/journal/articleDetail?nodeId=NODE09412604
234,2020,코로나19가 관광레저활동에 미치는 인식 차이 분석,http://www.dbpia.co.kr/journal/articleDetail?nodeId=NODE09417246
235,2020,포스트 코로나 시대 건축정책 방향,http://www.dbpia.co.kr/journal/articleDetail?nodeId=NODE09382216
236,2020,코로나19 이후 새로운 기준의 건설,http://www.dbpia.co.kr/journal/articleDetail?nodeId=NODE09382217
237,2020,미국의 원격의료에 관한 고찰  코로나 19 대처에 대한 시사점을 중심으로 ,http://www.dbpia.co.kr/journal/articleDetail?nodeId=NODE09412613
238,2020,학생기자단 기사 포스트 코로나 시대 우리의 건축은 어떻게 나아가야 할까,http://www.dbpia.co.kr/journal/articleDetail?nodeId=NODE09382224
239,2020,코로나19 이전2019과 이후2020에 항공사와 직원 관련 언론사 뉴스 기사 비교분석,http://www.dbpia.co.kr/journal/articleDetail?nodeId=NODE09409728
240,2020,국회입법조사처 〈코로나19 대응 종합보고서〉,http://www.dbpia.co.kr/journal/articleDetail?nodeId=NODE09410816
241,2020,온라인 미술교육을 통해 살펴본 포스트 코로나 시대 미술교육 변화에 관한 사례연구,http://www.dbpia.co.kr/journal/articleDetail?nodeId=NODE09872051
242,2020,코로나19로 인한 대학생들의 라이프 스타일 변화 경험에 대한 현상학적 연구,http://www.dbpia.co.kr/journal/articleDetail?nodeId=NODE09411885
243,2020,코로나 사태 이후의 여성신학  투명함 종교의 예언자적 역할에 대한 요구 ,http://www.dbpia.co.kr/journal/articleDetail?nodeId=NODE09413676
244,2020,코로나19에 따른 대학 교양체육 실기수업의 온라인 수업 운영과 강사의 어려움에 대한 질적 사례 연구,http://www.dbpia.co.kr/journal/articleDetail?nodeId=NODE09414150
245,2020,코로나19 관련 위약금 분쟁의 국내동향과 시사점,http://www.dbpia.co.kr/journal/articleDetail?nodeId=NODE09413066
246,2020,코로나19 시대 페스트 팬데믹의 역사를 읽다  신규환 『페스트 제국의 탄생 역사공간 2020년,http://www.dbpia.co.kr/journal/articleDetail?nodeId=NODE09381601
247,2020,CEO COLUMN 힘든 코로나시대 사이다 같은 中企 지원시스템이 절실하다,http://www.dbpia.co.kr/journal/articleDetail?nodeId=NODE09412655
248,2020,코로나19COVID19 사례로 본 신종 생물무기의 개발 및 생산 가능성,http://www.dbpia.co.kr/journal/articleDetail?nodeId=NODE09412247
249,2020,코로나19 원격 교육에서 외로움과 유튜브 과다사용이 대학생활적응에 미치는 영향에 대한 탐색적 연구,http://www.dbpia.co.kr/journal/articleDetail?nodeId=NODE09412327
250,2020,영상취재 부문_제139회 이달의 방송기자상 코로나19 최전선의 기록  〈시사기획 창 코로나19 최전선의 기록〉 2020년 4월 11일 보도 KBS 최재혁 정형철 기자,http://www.dbpia.co.kr/journal/articleDetail?nodeId=NODE09365203
251,2020,포스트 코로나 시대  코로나가 바꾼 취재 환경,http://www.dbpia.co.kr/journal/articleDetail?nodeId=NODE09365196
252,2020,코로나19 이후의 뉴 노멀 건설산업,http://www.dbpia.co.kr/journal/articleDetail?nodeId=NODE09382218
253,2020,코로나19가 건설산업에 미친 영향과 과제,http://www.dbpia.co.kr/journal/articleDetail?nodeId=NODE09412525
254,2020,포스트 코로나 시대의 해외건설 대응방안,http://www.dbpia.co.kr/journal/articleDetail?nodeId=NODE09412527
255,2020,코로나를 통해 드러난 교육의 과제와 전망,http://www.dbpia.co.kr/journal/articleDetail?nodeId=NODE09415768
256,2020,코로나 이펙트  팬데믹과 기술 중심 사회에서의 교육적 위기와 기회,http://www.dbpia.co.kr/journal/articleDetail?nodeId=NODE09415770
257,2020,2020 전기학회 하계학술대회 코로나 위기 뚫고 철통 방역 개최 성공“역대 최대 규모” 외,http://www.dbpia.co.kr/journal/articleDetail?nodeId=NODE09413599
258,2020,코로나로 인해 무급휴직 한 경우 지원금 가능,http://www.dbpia.co.kr/journal/articleDetail?nodeId=NODE09873687
259,2020,코로나19 감염병 사태의 지방재정 파급효과 분석 지역경제 위기와 지방세입 전망을 중심으로,http://www.dbpia.co.kr/journal/articleDetail?nodeId=NODE09380114
260,2020,코로나19 관련 중국의 관광정책 동향,http://www.dbpia.co.kr/journal/articleDetail?nodeId=NODE09415643
261,2020,코로나19가 프랑스 경제에 미친 영향,http://www.dbpia.co.kr/journal/articleDetail?nodeId=NODE09412565
262,2020,포스트 코로나19 관광산업 회복을 위한 정책 방향,http://www.dbpia.co.kr/journal/articleDetail?nodeId=NODE09415634
263,2020,포스트 코로나 시대 관광산업 뉴딜 정책 방향,http://www.dbpia.co.kr/journal/articleDetail?nodeId=NODE09415629
264,2020,관광분야의 코로나 쇼크 BSI CSI를 중심으로,http://www.dbpia.co.kr/journal/articleDetail?nodeId=NODE09415646
265,2020,코로나19를 통해 본 미국의 인종별 격차 문제,http://www.dbpia.co.kr/journal/articleDetail?nodeId=NODE09412563
266,2020,좌담회  코로나 19 이후 관광 변화와 대응 과제,http://www.dbpia.co.kr/journal/articleDetail?nodeId=NODE09415636
267,2020,코로나19에 대응한 관광산업 재정지원,http://www.dbpia.co.kr/journal/articleDetail?nodeId=NODE09415632
268,2020,코로나19 관련 대만의 관광정책 동향,http://www.dbpia.co.kr/journal/articleDetail?nodeId=NODE09415644
269,2020,코로나19 관광기업 투자유치 전략과 방향,http://www.dbpia.co.kr/journal/articleDetail?nodeId=NODE09415637
270,2020,제7차 한·중 국제관광 온라인세미나 코로나19 관광정책의 전환을 모색하다,http://www.dbpia.co.kr/journal/articleDetail?nodeId=NODE09415641
271,2020,코로나19 거점병원에서 제기된 병원 내 근로자의 노동관계법상 법률문제에 관한 연구,http://www.dbpia.co.kr/journal/articleDetail?nodeId=NODE09371254
272,2020,코로나19에 따른 관광시장 전망,http://www.dbpia.co.kr/journal/articleDetail?nodeId=NODE09415631
273,2020,코로나19 대응 관광산업 민 · 관 협력,http://www.dbpia.co.kr/journal/articleDetail?nodeId=NODE09415635
274,2020,지방정부의 코로나19 대응 사례 서울시 정책 동향,http://www.dbpia.co.kr/journal/articleDetail?nodeId=NODE09415638
275,2020,포스트 코로나19 관광산업 고용지원 정책 방향,http://www.dbpia.co.kr/journal/articleDetail?nodeId=NODE09415633
276,2020,코로나19 관련 태국의 관광정책 동향,http://www.dbpia.co.kr/journal/articleDetail?nodeId=NODE09415645
277,2020,포스트 코로나 시대 국가대응정책 및 긴급재난문자 발전 방향,http://www.dbpia.co.kr/journal/articleDetail?nodeId=NODE09414237
278,2020,코로나19로 인한 국제정세의 변화와 서울시 도시외교 전략,http://www.dbpia.co.kr/journal/articleDetail?nodeId=NODE09369906
279,2020,코로나19로 인한 디지털커머스 마케팅 변화에 대한 분석,http://www.dbpia.co.kr/journal/articleDetail?nodeId=NODE09415014
280,2020,딥러닝을 이용한 코로나 챗봇,http://www.dbpia.co.kr/journal/articleDetail?nodeId=NODE09415023
281,2020,코로나19 관련 일본의 관광정책 동향,http://www.dbpia.co.kr/journal/articleDetail?nodeId=NODE09415642
282,2020,코로나 위기와 공공성의 사회적 공간의 확장,http://www.dbpia.co.kr/journal/articleDetail?nodeId=NODE09369823
283,2020,코로나 이후의 시대에 분명한 것,http://www.dbpia.co.kr/journal/articleDetail?nodeId=NODE09369822
284,2020,포스트 코로나 세계 관광시장의 변화 전망,http://www.dbpia.co.kr/journal/articleDetail?nodeId=NODE09415630
285,2020,코로나19 이후의 수산식품 수출확대 방안,http://www.dbpia.co.kr/journal/articleDetail?nodeId=NODE09380387
286,2020,코로나 극복이 불평등 심화로 귀결되지 않으려면,http://www.dbpia.co.kr/journal/articleDetail?nodeId=NODE09369825
287,2020,특집포스트코로나 시대의 국토이슈와 대응 방향을 읽고 외,http://www.dbpia.co.kr/journal/articleDetail?nodeId=NODE09370047
288,2020,코로나 위기극복과 수요진작 정책,http://www.dbpia.co.kr/journal/articleDetail?nodeId=NODE09369824
289,2020,머신러닝을 활용한 코로나 바이러스 생활방역 서비스,http://www.dbpia.co.kr/journal/articleDetail?nodeId=NODE09414943
290,2020,코로나19로 또래와 단절된 아동을 위한 인공지능 낙서 로봇 제안,http://www.dbpia.co.kr/journal/articleDetail?nodeId=NODE09414921
291,2020,대한전기협회 전기계 기능인력 양성 멈추지 않는다  하반기 지중송전 특화교육 신설 필요 인력 적기 수급_코로나 철저 대비 기술자격증 갱신 연장 등 피해 구제,http://www.dbpia.co.kr/journal/articleDetail?nodeId=NODE09365844
292,2020,코로나19 관련 사이버 공격 사례분석을 통한 보안 연구,http://www.dbpia.co.kr/journal/articleDetail?nodeId=NODE09371981
293,2020,정책제안 코로나19 이후 시대의 뉴노멀,http://www.dbpia.co.kr/journal/articleDetail?nodeId=NODE09381889
294,2020,코로나 19와 도시계획,http://www.dbpia.co.kr/journal/articleDetail?nodeId=NODE09370457
295,2020,외국정책사례 코로나 시대의 독일의 공동체 지키기,http://www.dbpia.co.kr/journal/articleDetail?nodeId=NODE09381892
296,2020,이슈대담 코로나19 이후 전력생태계 어떻게 변할까  분산자원 확대 등 문제 당면  가상발전소 대안될 수 있어  석탄발전 감축 노력 필요  인식 공유 통해 해결해야,http://www.dbpia.co.kr/journal/articleDetail?nodeId=NODE09365539
297,2020,뉴질랜드 코로나19 발생현황과 대응전략,http://www.dbpia.co.kr/journal/articleDetail?nodeId=NODE09381336
298,2020,코로나19 경제위기의 영향과 신앙적 교훈,http://www.dbpia.co.kr/journal/articleDetail?nodeId=NODE09369525
299,2020,위기의 프레임으로 읽는 코로나 시대의 연극,http://www.dbpia.co.kr/journal/articleDetail?nodeId=NODE09366321
