,articleTitle,articleTitle2,abstractInfo,authorInfo,deeplink,absmobilelinktract
0,The Mediating Effect of Stress Coping Strategy between Stress Appraisal to the COVID-19 Outbreak and Intention to Revisit of Professional Sports Fans,프로스포츠 팬의 코로나 19 스트레스 평가와 향후 관람의도의 관계에서 스트레스 대처전략의 매개효과 검증,,"Seo, Hyo-Min
Kwon, Young-Bum",http://click.ndsl.kr/servlet/OpenAPIDetailView?keyValue=00326938&amp;target=NART&amp;cn=NART103519291,http://click.ndsl.kr/servlet/OpenAPIDetailView?keyValue=00326938&amp;target=NART&amp;cn=NART103519291&amp;type=mobile
1,"The Relationships among Team Identification, Stress-Coping Behaviors to the COVID-19 Outbreak, and Intention to Revisit of Professional Sports Fans","프로스포츠 팬의 팀 동일시와 코로나 19에 대한 스트레스 대처행동, 향후 경기관람의도의 영향 관계",,"Seo, Hyomin
Kwon, Youngbum",http://click.ndsl.kr/servlet/OpenAPIDetailView?keyValue=00326938&amp;target=NART&amp;cn=NART103489615,http://click.ndsl.kr/servlet/OpenAPIDetailView?keyValue=00326938&amp;target=NART&amp;cn=NART103489615&amp;type=mobile
2,교회의 5대 본질적 기능 재고찰을 통한 포스트 코로나 교회론,Post Covid-19 Ecclesiology through a Review of the Five Essential Functions of the Church,"코로나19 사태 이후 세상의 지형은 코로나 이전과 코로나 이후로 나뉠 정도로 완전히 바뀌었다. 마스크, 사회적 거리 유지하기, 구내식당에서 한쪽 편에만 앉기, 온라인 비대면 수업 등과 같이 우리는 지금 코로나19 이전엔 생각도 못한 것들이 이제는 일상이 되어 버린 뉴 노멀의 시대를 살고 있다. 코로나19 사태로부터 가장 심각하게 영향을 받은 곳은 다름 아닌 교회일 것이다. 코로나19로 인해서 발생하는 다양한 문제들을 직면하면서 교회는 어떻게 대처해야 할까? 본 연구는 포스트 코로나19 시대에 교회의 5대 본질적 사명의 재성찰 하고자 한다. 5대 본질에는 무형교회의 3대 본질적 기능인 디다케(가르침), 케리그마(선포), 디아코니아(봉사)와 유형교회의 2대 본질적 기능인 코이노니아(교제)와 레이투르기아(예배)가 있다. 이들 중 코로나19 사태로 대면예배가 자제됨으로 인해 가장 심각하게 위협받고 있는 것은 코이노니아와 레이투르기아이다. 위기의 때에 교회는 디다케적 기능을 잘 수행하고, 신자들 간의 수평적 코이노니아의 효율성 제고를 위해 하나님과의 수직적 코이노니아를 강화할 필요가 있다. 하지만 사회적 거리두기로 인해 대면예배가 소원해진 상황에서 무엇보다 노력이 필요한 부분은 성경을 가르치는 것과 선포하는 것이다. 이를 위해 보다 양질의 콘텐츠를 제작할 전문사역이 필요한 것으로 사료된다.","제해종
삼육대학교 신학과",http://click.ndsl.kr/servlet/OpenAPIDetailView?keyValue=00326938&amp;target=NART&amp;cn=JAKO202031458603889,http://click.ndsl.kr/servlet/OpenAPIDetailView?keyValue=00326938&amp;target=NART&amp;cn=JAKO202031458603889&amp;type=mobile
3,건강증진을 위한 도시공원의 물리적 환경요소 평가 - 서울시를 대상으로 -,The Evaluation of Physical Environmental Factors in Urban Parks for Healthy City - Focus on Seoul -,"본 연구는 건강증진을 위한 도시공원 평가하기 위해 물리적 환경 요소를 해외사례와 선행연구를 통해 지표를 선정하고, 이를 정량적&amp;#183;정성적으로 분석하였다. 조사대상지는 서울시에 조성된 근린공원을 지역적 분배를 고려하여 서대문독립공원, 홍릉근린공원, 고척근린공원, 신림근린공원, 청담근린공원, 개포근린공원, 숭인근린공원 7개이다. 평가 지표는 정량적 지표 (공원의 배후지역 환경, 공원 특성, 공원 시설물 3가지 분류에 따른 12가지 요소), 정성적 지표(접근성, 안전성, 편의성, 활동성, 어메니티 5가지 분류에 따른 14가지 요소)를 선정하였다. 지표 선정방법은 전문가 자문회의를 통해 선정하였으며, 물리적 환경 인식 요소의 평가방법은 전문가와 조사원이 현장관찰을 통해 3점 척도(상&amp;#183;중&amp;#183;하)로 조사하였다. 분석결과, 첫째, 건강증진을 위한 지표는 운동시설이나 산책로 뿐 아니라, 휴식공간, 여가 및 문화시설, 접근성, 청결, 식수대 등 건강 활동을 지원하는 다양한 요소들이 주요한 지표임을 알았다. 둘째, 정량적인 지표로는 요건을 갖추고 있다 할지라도 정성적인 평가에서는 실제 구현시키거나, 이용하는데 불편함이 많아 공원의 물리적 환경에 대한 정량적 정성적 평가가 동시에 이루어져야 한다. 셋째, 물리적 환경요소에 대한 정성적 평가 결과 유형별, 공원별 점수차가 나타났는데, 건강증진을 위한 운동시설, 체력단련시설 등 활동성보다는 접근성, 안전성, 편의성과 같은 간접적 지표가 부족한 것으로 나타났다. 최근 COVID-19 등으로 공원 이용률이 증가하고 있고, 포스트 코로나 시대에는 공원의 서비스 증진을 위해 더욱 노력해야 한다. 이를 위해 정기적으로 정량적&amp;#183;정성적 지표를 평가하여 공원의 서비스를 증진시키고, 직접적 요인 뿐 아니라 간접적&amp;#183;보안적인 지표들에 대한 서비스 고려가 필요하다.","채진해
김원주
서울대학교 환경계획연구소
서울연구원",http://click.ndsl.kr/servlet/OpenAPIDetailView?keyValue=00326938&amp;target=NART&amp;cn=JAKO202025863869036,http://click.ndsl.kr/servlet/OpenAPIDetailView?keyValue=00326938&amp;target=NART&amp;cn=JAKO202025863869036&amp;type=mobile
4,국가 감염병 공동R&amp;D전략 수립을 위한 분류체계 및 정보서비스에 대한 연구: 해외 코로나바이러스 R&amp;D과제의 분류모델을 중심으로,The Classification System and Information Service for Establishing a National Collaborative R&amp;D Strategy in Infectious Diseases: Focusing on the Classification Model for Overseas Coronavirus R&amp;D Projects,"세계는 신형 코로나바이러스 감염증(COVID-19)으로 수 많은 인명 피해와 경제적 손실을 기록하고 있는 상황이다. 우리나라 정부는 연구개발(Research &amp; Development)을 통해 국가 감염병 위기를 극복하려는 전략을 수립하고 실행하기 위한 투자방향을 수립하였다. 기존 기술분류나 과학기술 표준분류에 따른 통계를 활용하면 특정 R&amp;D 분야의 특이점 및 변화를 발견하기 어렵다는 한계가 존재해왔다. 최근 우리나라 감염병 연구개발 과제를 대상으로 수요자의 목적에 맞게 분류체계를 수립하고 연구비 비교 분석을 통해 투자가 요구되는 연구 분야를 제시하는 연구들이 진행되었다. 하지만 현재 국가 보건 안보와 신성장 산업육성이라는 목표를 달성하기 위한 실행방안으로 요구되고 있는 전염병 연구분야의 국가간 협력전략 수립에 필요한 정보를 체계적으로 제공하고 있지 못한 상황이다. 따라서 국가 공동 연구개발 전략 수립을 위한 분류체계와 분류모델기반의 정보서비스에 대한 연구가 요구되고 있다. 우선 감염병관련 NTIS 과제데이터를 기반으로 정성분석을 통해 7개의 분류체계를 도출하였다. 스코퍼스(Scopus) 데이터와 양방향 RNN모델을 사용하여, 분류체계 모델을 학습시켰다. 최종적인 모델의 분류 성능은 90%이상의 높은 정확도와 강건성을 확보하였다. 실증연구를 위해 주요 국가의 코로나바이러스 연구개발 과제를 대상으로 전염병 분류체계를 적용하였다. 주요 국가의 감염병(코로나바이러스) 연구개발 과제를 분류체계별로 분석한 결과, 세계적으로 유행하는 바이러스의 예상치 못한 창궐이 확산되는 속도에 비해 백신과 치료제 개발이 제대로 이뤄지지 않는 원인의 배경을 간접적으로 확인할 수 있었다. 국가별 비교분석을 통해 미국과 일본은 상대적으로 모든 영역에 골고루 연구개발 투자를 하고 있는 것으로 나타난 반면, 유럽은 상대적으로 특정 연구분야에 많은 투자를 하는 집중화 전략을 취하는 것으로 나타났다. 동시에 주요 국가의 코로나 바이러스 주요 연구조직에 대한 정보를 분류체계별로 제공하여 국제 공동R&amp;D 전략의 기초정보를 제공하였다. 본 연구 결과를 통해 세 가지 정책적 의미를 도출할 수 있다. 첫째, 데이터기반 과학기술정책 관점에서 수요자 관심분야에 대한 국가 R&amp;D사업의 정보를 글로벌 기준으로 문서를 분류하는 방안을 제시하였다. 둘째, 감염병관련 국가 R&amp;D사업 영역에 대한 정보분석 서비스 기획의 기반을 마련하였다. 마지막으로 국가 감염병 R&amp;D 분류체계 수립을 통해 분류 체계의 궁극적 목표인 산업, 기업, 정책 정보를 제공할 수 있는 기반을 마련한 것이다.","이도연
이재성
전승표
김근환
한국과학기술정보연구원 데이터분석본부
과학기술연합대학원대학교 과학기술경영정책학과
한국과학기술정보연구원 데이터분석플랫폼센터
한국과학기술정보연구원 데이터분석본부",http://click.ndsl.kr/servlet/OpenAPIDetailView?keyValue=00326938&amp;target=NART&amp;cn=JAKO202029565518820,http://click.ndsl.kr/servlet/OpenAPIDetailView?keyValue=00326938&amp;target=NART&amp;cn=JAKO202029565518820&amp;type=mobile
5,주목해야 할 패키징 디자인 &amp;#9312; - 포스트 코로나를 대비하는 제품 패키징 디자인 트렌드,,전 세계인의 삶을 송두리째 바꾸어 놓은 코로나19로 인해 산업 전반에도 큰 변화가 예상된다. 특히 가처분 소득 감소와 소비 심리 수축으로 꼭 필요한 것에만 지갑을 여는 구매자들이 늘어날 것으로 전망된다. 과거보다 더욱 깐깐해진 구매자의 시선을 잡기 위해 가장 중요한 것 중 하나가 패키징 디자인이다. 사람에 대한 첫 인상이 3초 안에 결정되는 것처럼 좋은 패키징 디자인으로 구매자의 시선을 한번에 사로 잡을 수 있기 때문이다. 포스트 코로나시대를 맞아 국내 최대 디자이너 커뮤니티이자 산업 디자인 콘테스트 플랫폼인 '라우드소싱'과 함께 패키징 제조 업체들이 주목해야 할 패키지 디자인에 대한 시리즈를 총4회에 걸쳐 진행한다.,"김승환
라우드소싱",http://click.ndsl.kr/servlet/OpenAPIDetailView?keyValue=00326938&amp;target=NART&amp;cn=JAKO202063758834769,http://click.ndsl.kr/servlet/OpenAPIDetailView?keyValue=00326938&amp;target=NART&amp;cn=JAKO202063758834769&amp;type=mobile
6,편집위원칼럼 - 코로나-19 세계 대유행 시대의 살아가는 지혜,,,"권용국
농림축산검역본부 조류질병과",http://click.ndsl.kr/servlet/OpenAPIDetailView?keyValue=00326938&amp;target=NART&amp;cn=JAKO202058853212490,http://click.ndsl.kr/servlet/OpenAPIDetailView?keyValue=00326938&amp;target=NART&amp;cn=JAKO202058853212490&amp;type=mobile
7,포장과 법률 - '2020년도 제품&amp;#183;포장재별 재활용 의무율' 고시 일부개정(안) 행정예고,,"환경부는 지난 8월 18일 코로나19 영향으로 회수&amp;#183;재활용의무 이행 실태가 급격히 악화된 종이팩, PET 단일무색 등의 품목에 대한 재활용의무율을 조정하기 위해 '2020년도 제품&amp;#183;포장재별 재활용의무율(환경부고시, 제2019-266호, 2020. 1. 1)'을 일부개정하는 행정예고를 발표했다. 다음에 상세한 내용을 살펴보도록 한다.","(사)한국포장협회
(사)한국포장협회",http://click.ndsl.kr/servlet/OpenAPIDetailView?keyValue=00326938&amp;target=NART&amp;cn=JAKO202065863753666,http://click.ndsl.kr/servlet/OpenAPIDetailView?keyValue=00326938&amp;target=NART&amp;cn=JAKO202065863753666&amp;type=mobile
8,포스트 코로나 공학교육에 대한 소고(小考) 포스트 코로나 교육의 대전환을 위한 공학교육의 중단기적 계획,,,"남창우
이영태
동아대학교 교육학과
한국교육과정평가원 교수학습본부",http://click.ndsl.kr/servlet/OpenAPIDetailView?keyValue=00326938&amp;target=NART&amp;cn=JAKO202020550933184,http://click.ndsl.kr/servlet/OpenAPIDetailView?keyValue=00326938&amp;target=NART&amp;cn=JAKO202020550933184&amp;type=mobile
9,미래감염병 위험성에 대한 보건의료정책에 관한 연구: 감염병 감시체계를 중심으로,A Study on Healthcare Policy Response to Risks of Future Infectious Diseases: Focused on Infectious Disease Surveillance Systems,"본 연구의 목적은 미래감염병 발생 시 적합하고 신속한 위기관리체계를 수행으로 인한 피해경감을 최소화할 수 있는 정부의 보건의료정책을 마련하기 위한 감염병 감시체계 방안의 모색하는 것이다. 연구의 방법으로는 국내외 감염병 발생과 관리현황을 분석하고, 재난피해 지역에 대한 감염병 감시체계방안을 제시하기 위한 기술적 연구를 하는 것이다. 본 연구를 통해 과거 미래감염병의 사회적 확산에 대해서 원인과 그 대응정책의 시행착오 등에 대해 보다 명확한 관리체계를 확인할 수 있었다. 이에 대유행하고 있는 코로나바이러스감염증-19 확산사태를 지켜보면서 국내 재난대응체계에서는 재난 발생시 참여하게 되는 여러 기관의 역할과 관련된 감염병 예방을 위한 교육 및 훈련과 홍보가 매우 중요할 것으로 본다.","Suh, Kyung-Do
Choi, Jung il
Choi, Pan-Am
금오공과대학교
대구과학대학교 경찰행정학과
제주국제대학교",http://click.ndsl.kr/servlet/OpenAPIDetailView?keyValue=00326938&amp;target=NART&amp;cn=JAKO202020264316780,http://click.ndsl.kr/servlet/OpenAPIDetailView?keyValue=00326938&amp;target=NART&amp;cn=JAKO202020264316780&amp;type=mobile
10,코로나바이러스감염증-19 상황에서 일개 국가지정 의료기관의 이동형 병원 CT 활용 사례,Application of Mobile Hospital Computed Tomography in a State-Designated Medical Institution under the Coronavirus Disease 2019 (COVID-19) Situation by Example,"This study aims to explain the process of providing important medical images for the diagnosis of pneumonia caused by coronavirus disease 2019 (COVID-19) through the only mobile hospital computed tomography (CT) in Korea. Since January 28, 2020, medical imaging examinations have been provided to confirmed and suspected COVID-19 patients, and the quality of images was evaluated based on the objective and subjective indicators. In order to prevent the transmission in the hospital that may occur due to exposure to medical staff and general patients, personal protective equipment was worn and the separate route was used blocking human infection factors. For 11 weeks, a total of 185 tests were performed for 98 confirmed patients and 72 suspected patients. The average time to complete the test was 33 minutes. In the course of the test, no cross-infection cases were examined. During the outbreak of the COVID-19, the only mobile hospital CT room of Korea provided medical imaging examinations without infection among medical staff and patients and also provided adequate medical images without significant difference (p &gt;0.05) in determining the degree of pneumonia progression compared to a stationary in-hospital CT.","신형호
이정호
김광훈
김병진
진성찬
박현미
국립중앙의료원, 영상의학과
국립중앙의료원, 영상의학과
국립중앙의료원, 영상의학과
국립중앙의료원, 영상의학과
국립중앙의료원, 영상의학과
국립중앙의료원, 영상의학과",http://click.ndsl.kr/servlet/OpenAPIDetailView?keyValue=00326938&amp;target=NART&amp;cn=JAKO202014151761980,http://click.ndsl.kr/servlet/OpenAPIDetailView?keyValue=00326938&amp;target=NART&amp;cn=JAKO202014151761980&amp;type=mobile
11,"현장스케치 - 5,200인분 나눔행사로 진행한 2020 오리데이",,"오리자조금관리위원회(이하 오리자조금)와 한국오리협회는 5월 1일(금) 제18회 오리데이를 맞아 경기도 성남시 소재 노숙인 보호시설 '안나의 집'에 오리고기 5,200인분을 후원했다. 오리데이 행사는 5월 2일이 오리(5&amp;#183;2)와 발음이 비슷한 데서 착안해 2003년부터 5월 2일을 오리고기 먹는 날로 지정해 소비자들에게 건강한 오리고기를 홍보하고, 아울러 소비촉진을 통해 오리농가도 돕기 위해 매년 행사를 진행해 오고 있다. 올해는 국내 코로나19 발생 상황을 감안해 오프라인 행사를 자제하고 오리고기 나눔행사와 온라인 이벤트로 대체하면서 코로나 정국에 맞는 맞춤 오리데이를 선보였다.","한국오리협회
한국오리협회",http://click.ndsl.kr/servlet/OpenAPIDetailView?keyValue=00326938&amp;target=NART&amp;cn=JAKO202054664427059,http://click.ndsl.kr/servlet/OpenAPIDetailView?keyValue=00326938&amp;target=NART&amp;cn=JAKO202054664427059&amp;type=mobile
12,코로나19 이후 시대,Post-Coronavirus Disease 2019,"Coronavirus disease 2019 (COVID-19) is currently in progress. Although it is difficult to predict the end of currently increasing COVID-19, it is expected to last for a long time. The COVID-19 is making a lot of changes. Due to physical distancing and living distancing, non-contacts such as wearing facial masks, online lectures, online medical services, telecommuting, and telemarketing are becoming common. In the era of post-COVID-19, online and offline will coexist. Many countries following China's lockdown strategy, which is agreed with the World Health Organization, should be changed to Taiwan's facial mask strategy for reducing the economic problems. The prolonging COVID-19 will add to the economic difficulties, and the US-China confrontation will be difficult to rebound the global economy. COVID-19, such as plaque, smallpox, and Spanish influenza, will be a historical momentum. How to respond to the crisis of COVID-19 and post-COVID-19 will determine the future of the world and Korea.","박은철
보건행정학회지",http://click.ndsl.kr/servlet/OpenAPIDetailView?keyValue=00326938&amp;target=NART&amp;cn=JAKO202019854291748,http://click.ndsl.kr/servlet/OpenAPIDetailView?keyValue=00326938&amp;target=NART&amp;cn=JAKO202019854291748&amp;type=mobile
13,"코로나 바이러스감염증-19 유행으로 인한 스트레스와 삶의 질, 긍정심리자본에 관한 융합적 연구","A convergence study of stress caused by the epidemic of COVID-19, quality of life and positive psychological capital","본 연구는 COVID-19 유행으로 인해 발생한 스트레스가 삶의 질에 미치는 영향과 긍정심리자본의 조절효과를 확인하기 위해 시도되었다. 연구대상자는 성인 180명이며, 자료는 2020년 4월 9일부터 4월 15일까지 수집되었다. 수집된 자료는 SPSS WIN 23.0 program을 이용하여 빈도분석, 기술통계, one-way ANOVA, Pearson's correlation coefficients, 위계적 다중회귀분석을 사용하였다. 연구결과 COVID-19 유행으로 인해 발생한 스트레스는 삶의 질에 영향을 미치며 긍정심리자본은 유의한 조절효과를 나타내었다. 본 연구를 바탕으로 COVID-19 유행으로 인해 발생한 스트레스로 인해 낮아진 삶의 질을 중재할 프로그램을 개발하고 그 효과를 검증하는 연구가 필요하다.","김송이
동의과학대학교 간호학과",http://click.ndsl.kr/servlet/OpenAPIDetailView?keyValue=00326938&amp;target=NART&amp;cn=JAKO202018955009007,http://click.ndsl.kr/servlet/OpenAPIDetailView?keyValue=00326938&amp;target=NART&amp;cn=JAKO202018955009007&amp;type=mobile
14,"업계동정 - 코로나19, 메타물질로 만든 현미경으로 볼 수 있다",,,"노준석
포항공과대학교 기계공학과/화학공학과",http://click.ndsl.kr/servlet/OpenAPIDetailView?keyValue=00326938&amp;target=NART&amp;cn=JAKO202063356650109,http://click.ndsl.kr/servlet/OpenAPIDetailView?keyValue=00326938&amp;target=NART&amp;cn=JAKO202063356650109&amp;type=mobile
15,코로나19시대 면역력이 '최대무기' - 팔방미인 오리고기에 주목하라,,"지난 8월 15일 광화문집회로 촉발된 코로나19 재확산세가 무서운 기세로 전국을 뒤덮었다. 서울과 경기일부의 수도권은 사회적 거리두기 2.5단계로 격상하면서 사실상 3단계에 돌입했다. 전국을 뒤덮은 코로나19 재확산의 공포로 북적이던 거리는 텅 비었고 코로나19 상황 속에서도 일상을 찾아가고 있던 시민들은 다시 집으로 숨었다. 코로나19 상황속에서 가장 화두가 되고 있는 것은 '언택트'와 '면역력'. 누구나, 어디서든, 피해갈 수 없는 코로나19시대에는 스스로가 가진 면역력이 최강의 무기가 되기 때문이다. 이제 면역력을 강화하는 식품이 주목받는 시대가 됐다. 그리고 면역력과 건강식품으로 알려진 오리고기가 떠오르고 있다. 코로나시대, 우리가 주목해야 할 오리고기의 면역력과 건강 기능성에 대해 자세히 알아본다.","한국오리협회
한국오리협회",http://click.ndsl.kr/servlet/OpenAPIDetailView?keyValue=00326938&amp;target=NART&amp;cn=JAKO202066252144265,http://click.ndsl.kr/servlet/OpenAPIDetailView?keyValue=00326938&amp;target=NART&amp;cn=JAKO202066252144265&amp;type=mobile
16,팬데믹 상황에서의 패션제품에 대한 소비자의 인식 변화 분석 - 코로나19 확산의 영향 -,Changes in consumer perception of fashion products in a pandemic - Effects of COVID-19 spead -,"This study aimed at examining fashion consumers' awareness during the COVID-19 pandemic. Big data analysis methods, such as text mining, social network analysis, and regression analysis, were applied to user posts about fashion on Korean portal websites and social media during COVID-19. R 3.4.4, UCINET 6, and SPSS 25.0 software were used to analyze the data. The results were as follows. In researching the popular fashion-related topics during COVID-19, the prevention of infection and prophylaxis were significant concerns in the early stage (Jan 1 to Jan 31, 2020), and changed to online channels and online fashion platforms. Then, various topics and fashion keywords appeared with COVID-19-related keywords afterwards. Fashion-related subjects concerned prophylaxis, home life, digital and beauty products, online channels, and fashion consumption. In comparing fashion consumers' awareness during COVID-19 with SARS and MERS, 'face masks' was the common keyword for all three illnesses; yet, the prevention of infection was a major consumer concern in fashion-related subjects during COVD-19 only. As COVD-19 cases increased, the search volume for face masks, shoes, and home clothes also increased. Consumer awareness about face masks shifted from blocking yellow dust and micro-dust to the sociocultural significance and short supply. Keywords related to performance turned out to be the major awareness as to shoes, and home clothes were repurposed with an expanded range of use.","최영현
이규혜
한양대학교 의류학과
한양대학교 의류학과",http://click.ndsl.kr/servlet/OpenAPIDetailView?keyValue=00326938&amp;target=NART&amp;cn=JAKO202019962560008,http://click.ndsl.kr/servlet/OpenAPIDetailView?keyValue=00326938&amp;target=NART&amp;cn=JAKO202019962560008&amp;type=mobile
17,뉴스클릭 - 스마트폰 부품업계 코로나19 '후폭풍',,,"한국광학기기산업협회
한국광학기기산업협회",http://click.ndsl.kr/servlet/OpenAPIDetailView?keyValue=00326938&amp;target=NART&amp;cn=JAKO202063356650105,http://click.ndsl.kr/servlet/OpenAPIDetailView?keyValue=00326938&amp;target=NART&amp;cn=JAKO202063356650105&amp;type=mobile
18,Focus - 2020년도 감염병 관리사업지침,,"협회에서는 최근 발생한 코로나바이러스감염증19와 관련하여 2020년도 감염병 관리사업지침을 소개합니다. 본 지침은 &amp;#12300;감염병의 예방 및 관리에 관한 법률&amp;#12301; 에 따른 감염병 감시, 역학조사, 실험실 검사, 감염병 환자 및 접촉자 관리, 감염병 예방, 방역, 지자체 역량강화에 관한 정확한 정보를 제공하여 업무수행의 효율성을 높이고자 제작하였습니다. 해당 내용은 질병관리본부의 &lt;2020년도 감염병 관리사업지침&gt;을 발췌하였습니다. 사업장 특성과 사정에 따라 참고하시길 바랍니다.","대한산업보건협회
대한산업보건협회",http://click.ndsl.kr/servlet/OpenAPIDetailView?keyValue=00326938&amp;target=NART&amp;cn=JAKO202063758834850,http://click.ndsl.kr/servlet/OpenAPIDetailView?keyValue=00326938&amp;target=NART&amp;cn=JAKO202063758834850&amp;type=mobile
19,EFL 학습자의 영어 독해력 향상을 위한 대학 온라인 강의의 효율성 연구,The Efficacy of Online Lectures in University and English Reading Comprehension for EFL Learners,"2020년 코로나 사태로 맞이하게 된 교육 패러다임의 변화에 발맞추어 본 연구는 영어 독해 수업을 기반으로 온라인 강의의 효율성을 고찰하고 이에 대한 학습자들의 의견을 분석해 봄으로써 장차의 온라인 강의의 나아갈 방향을 고찰해 보는 것을 목적으로 한다. 이를 위해 대학생 1학년들을 대상으로 온라인 강의로 영어 독해 수업을 진행하였다. 연구 결과 온라인 강의는 학습자들의 독해 학습에 긍정적인 영향을 미치는 것으로 나타났다. 또한 학습자들의 온라인 강의 만족도는 매우 높은 것으로 나타났으며, 그 이유로는 수업 정보에 대한 재미, 주제의 다양성, 인터넷 사용의 용이성 등으로 나타났다. 온라인 강의의 개선할 점으로는 출석체크 인증 오류나 강의 동영상의 불안정한 재생과 같은 기술적인 부분이 제시되었다. 온라인 강의는 시공간의 제약 초월, 학습자 중심의 자유성 극대화, 자기 주도적 학습, 개인 맞춤형 교육이 가능하다. 대면 강의에 익숙한 교수자들은 온라인 강의가 선택 사항이 아닌 시대적 변화에 맞는 필수적인 과정임을 인지해야 하며 이를 위한 온라인 콘텐츠 개발에 주력할 필요가 있다.","김혜정
국민대학교 교양대학",http://click.ndsl.kr/servlet/OpenAPIDetailView?keyValue=00326938&amp;target=NART&amp;cn=JAKO202025465016919,http://click.ndsl.kr/servlet/OpenAPIDetailView?keyValue=00326938&amp;target=NART&amp;cn=JAKO202025465016919&amp;type=mobile
20,스마트 원격강의 운영에 관한 연구 -시스코 웹엑스 미팅을 중심으로-,A Study on the operation of smart remote lecture - Focusing on Cisco Webex meeting-,"본 연구는 대학에서 원격강의를 올바르게 운영하기 위한 운영방안의 토대를 마련하는 데 목적이 있다. 'COVID-19'로 인해 비대면 수업을 시작한 학교 중, 시스코사의 웹엑스 미팅으로 원격강의를 진행한 일부 대학의 대학생, 대학원생을 대상으로 원격 강의 플랫폼 운영방안을 연구하였다. 먼저 문헌조사로 원격강의의 강의 요건을 정립하고, 설문조사를 통해 효과적인 운영 방안을 제시하였다. 연구 방법은 대학생, 대학원생 총 45명을 대상으로 2020년 4월 21일부터 5월 15일까지 진행하였다. 연구결과 크게 기본요소, 충족 요소에 대한 운영 방안을 제시할 수 있었다. 본 연구를 기점으로 COVID-19 이후에 발생할 수 있는 재난 상황 혹은 평상시 수업에서 활용될 수 있을 것으로 기대하며, 추후 원격 강의 플랫폼에 대한 사용성 평가와 국내 원격강의 플랫폼이 나아가야할 방향성이 제시되어야 할 것이다.","김승인
이가하
홍익대학교 국제디자인전문대학원 디지털미디어디자인 전공
홍익대학교 국제디자인전문대학원 디자인학",http://click.ndsl.kr/servlet/OpenAPIDetailView?keyValue=00326938&amp;target=NART&amp;cn=JAKO202028662597003,http://click.ndsl.kr/servlet/OpenAPIDetailView?keyValue=00326938&amp;target=NART&amp;cn=JAKO202028662597003&amp;type=mobile
21,코로나바이러스감염증-19 (COVID-19) 환자들의 사망관련 인자에 대한 연구: 체계적 문헌고찰 및 메타분석,Predictors of Mortality in Patients with COVID-19: A Systematic Review and Meta-analysis,"Background: Most meta-analyses of risk factors for severe or critical outcomes in patients with COVID-19 only included studies conducted in China and this causes difficulties in generalization. Therefore, this study aimed to systematically evaluate the risk factors in patients with COVID-19 from various countries. Methods: PubMed, Embase, and Web of Science were searched for studies published on the mortality risk in patients with COVID-19 from January 1 to May 7, 2020. Pooled estimates were calculated as odds ratio (OR) with 95% confidence interval (CI) using the random-effects model. Results: We analyzed data from seven studies involving 26,542 patients in total in this systematic review and meta-analysis. Among the patients, 2,337 deaths were recorded (8.8%). Elderly patients and males showed significantly higher mortality rates than young patients and females; the OR values were 3.6 (95% CI 2.5-5.1) and 1.2 (95% CI 1.0-1.3), respectively. Among comorbidities, hypertension (OR 2.3, 95% CI 1.1-4.6), diabetes (OR 2.2, 95% CI 1.2-3.9), cardiovascular disease (OR 3.1, 95% CI 1.5-6.3), chronic obstructive pulmonary disease (OR 4.4, 95% CI 1.7-11.5), and chronic kidney disease (OR 4.2, 95% CI 2.0-8.6) were significantly associated with increased mortalities. Conclusion: This meta-analysis, involving a huge global sample, employed a systematic method for synthesizing quantitative results of studies on the risk factors for mortality in patients with COVID-19. It is helpful for clinicians to identify patients with poor prognosis and improve the allocation of health resources to patients who need them most.","Kim, Woorim
Han, Ji Min
Lee, Kyung Eun
충북대학교 약학대학
충북대학교 약학대학
충북대학교 약학대학",http://click.ndsl.kr/servlet/OpenAPIDetailView?keyValue=00326938&amp;target=NART&amp;cn=JAKO202028851207408,http://click.ndsl.kr/servlet/OpenAPIDetailView?keyValue=00326938&amp;target=NART&amp;cn=JAKO202028851207408&amp;type=mobile
22,협업의 유형에 따른 저작도구의 사용성 연구 -디자이너와 개발자 간의 협업 중심으로-,A Study on the Usability of Authorized Tools by Types of Collaboration -Focused on Collaboration between Designer and Developer-,"최근 코로나로 인해 대면으로 커뮤니케이션하기 어려운 상황이다. 이를 해결하기 위해 다양한 플랫폼 형태의 커뮤니케이션 툴이 개발되고 있다. 본 연구를 위해 20-40대 현업에서 근무하고 있는 직장인 대상으로 프로젝트 시 가장 많이 사용하고 있는 툴은 무엇이며, 협업 중 가장 힘든 문제점은 무엇이었는지를 알기 위해 설문조사를 시행하였다. 분석 결과, 실무자들은 업무를 위해 평소 자주 사용했던 익숙한 툴을 사용하고 있으며, 협업 중 원활하지 않은 커뮤니케이션이 가장 힘들다고 응답하였다. 본 연구에서는 현재 국내 디자이너와 개발자들이 협업에서 사용하고 있는 도구와 용도에 대해 파악하고, 문제점을 해결하기 위한 방향을 제안하고자 한다.","박정훈
김승인
홍익대학교 국제디자인전문대학원 디자인학
홍익대학교 국제디자인전문대학원 디지털미디어디자인 전공",http://click.ndsl.kr/servlet/OpenAPIDetailView?keyValue=00326938&amp;target=NART&amp;cn=JAKO202031064817519,http://click.ndsl.kr/servlet/OpenAPIDetailView?keyValue=00326938&amp;target=NART&amp;cn=JAKO202031064817519&amp;type=mobile
23,코로나19 확산에 따른 가족생활 및 가족관계의 변화와 스트레스,Changes in Family Life and Relationships during the COVID-19 Pandemic and their Associations with Perceived Stress,"This study explores how the COVID-19 pandemic has changed family life and relationships as well as how these changes affect perceived stress among married men and women. This study investigated changes in family time use, household work, child care, leisure activities, income and expenditures along with relationships between spouses and children using a sample of 627 married persons surveyed online from May 19 to 25, 2020. The results showed that the amount of time spent on household work, child care, and family leisure have increased and that the perceived burden of household work and child care has also increased. Gender differences were found in time use, household work, and child care. Leisure activities have changed toward more time watching TV or online media and playing online games and less time on outdoor activities, shopping, and meeting friends. About 38% of respondents reported a reduction in household income and 22% reported an increase in household debt. The majority experienced no change in the quality of relationships with spouses and children, approximately 20% of the sample reported a positive change in relationships with spouses and children. The findings of multivariate regression indicated that change in work time, negative change in household economy, negative change in household work and negative change in relationships with spouses were associated with marital stress. However, this study found that negative changes in child care and in relationships with children did not affect stress among married parents with children in elementary or secondary school.","진미정
성미애
손서희
유재언
이재림
장영은
서울대학교 아동가족학과 및 생활과학연구소
한국방송통신대학교 생활과학부
숙명여자대학교 가족자원경영학과
가천대학교 사회복지학과
서울대학교 아동가족학과 및 생활과학연구소
중앙대학교 사회복지학부",http://click.ndsl.kr/servlet/OpenAPIDetailView?keyValue=00326938&amp;target=NART&amp;cn=JAKO202024852036215,http://click.ndsl.kr/servlet/OpenAPIDetailView?keyValue=00326938&amp;target=NART&amp;cn=JAKO202024852036215&amp;type=mobile
24,"국내 중증 급성 호흡기 증후군 코로나 바이러스의 검사실 내 진단: 현재, 한계점 그리고 직면한 과제","Laboratory Diagnosis of Coronavirus Disease 19 (COVID-19) in Korea: Current Status, Limitation, and Challenges","2019년 12월, 중국 후베이성 우한시에서 COVID-19환자가 처음으로 보고되었다. 그 이후 국내에서 신종 코로나 바이러스에 의해 야기된 중증 급성 호흡기 증후군 환자가 급격하게 증가하였다. 이러한 새로운 변종 바이러스는 기침, 인후통, 비루, 호흡곤란, 폐렴 및 기타 폐질환을 유발한다. 중증 급성 호흡기 증후군 코로나 바이러스 2는 RNA바이러스로, 실시간 역전사효소 중합효소 연쇄반응을 통한 분자진단 검사가 COVID-19의 진단에 폭 넓게 사용되고 있다. 국내 질병관리본부와 식품의약품 안전처의 긴급 사용 허가 승인에 따라, 건강한 사람과 COVID-19 환자로부터 검체를 채취하여 진단검사의학적인 방법을 통해 진단을 수행하고 있다. 기존에 출판된 많은 문헌 고찰을 통해, 본 연구에서는 역학, 증상 및 질병관리본부의 승인을 받은 현재의 검사실 내 COVID-19 분자 진단 방법, 분자 진단 검사와 혈청학적 진단의 차이, 임상 검체 가이드라인 등을 다시 한 번 확인하고자 하였다. 추가적으로 본 연구를 통해 국내 의료기관 내 의료종사자 및 임상병리사들의 병원 감염을 예방하고자 생물학적 안전에 관한 가이드라인을 확인하였다. 국내 임상병리사들의 경험과 그로부터 얻은 교훈을 통해 국내외 COVID-19 팬데믹 상황으로부터 국민의 안전을 지킬 수 있는 단초를 제공할 수 있을 것이라 사료된다.","송기선
이유림
김성민
김원태
최정원
유다현
유정영
장경태
이재왕
전진현
을지대학교 대학원 임상병리학과
을지대학교 대학원 시니어헬스케어학과
을지대학교 대학원 시니어헬스케어학과
을지대학교 대학원 임상병리학과
을지대학교 대학원 시니어헬스케어학과
을지대학교 대학원 시니어헬스케어학과
을지대학교 대학원 임상병리학과
을지대학교 대학원 시니어헬스케어학과
을지대학교 대학원 임상병리학과
을지대학교 대학원 임상병리학과",http://click.ndsl.kr/servlet/OpenAPIDetailView?keyValue=00326938&amp;target=NART&amp;cn=JAKO202027265688819,http://click.ndsl.kr/servlet/OpenAPIDetailView?keyValue=00326938&amp;target=NART&amp;cn=JAKO202027265688819&amp;type=mobile
25,코로나19(COVID-19) 비대면 온라인 학습 참여자의 자기통제력 예측요인,Predictors of Self-control in Covid-19 non-face-to-face online learning participate,"본 연구는 코로나19(COVID-19) 비대면 온라인 학습 참여자의 자기통제력의 예측요인을 규명하고자 시도된 조사연구이다. 연구대상자는 J도 비대면 온라인 학습 참여자 105명을 대상으로, 자가 보고식 설문지를 이용하여 자료수집을 하였다. 자료 분석은 서술적 통계, t-test, ANOVA, scheffe' test, pearson's correlation, stepwise regression을 시행하였다. 연구 결과 코로나19 비대면 온라인 학습 참여자의 자기통제력의 가장 큰 예측요인으로는 자기조절효능감(&amp;#946;=.510, p&lt;.001)으로 자기통제력에 대하여 46.5%의 설명력을 보였고 통계적으로 유의한 자신감(&amp;#946;=.285, p=.001)을 추가하면 자기통제력(Adj. R2= .507, F=36.65, p&lt;.001)에 대한 설명력은 50.7%였다. 이상의 결과로 여러 재난 상황에서 비대면 온라인 학습 참여자의 자기통제력을 증진 시키고 학습 참여자의 자기조절효능감과 자신감을 향상 시키는 근본적이고 지속적인 온라인 오프라인 교육프로그램 개발이 필요하다.","김자숙
박아영
전남대학교 간호대학
광주대학교 간호학과",http://click.ndsl.kr/servlet/OpenAPIDetailView?keyValue=00326938&amp;target=NART&amp;cn=JAKO202028662597091,http://click.ndsl.kr/servlet/OpenAPIDetailView?keyValue=00326938&amp;target=NART&amp;cn=JAKO202028662597091&amp;type=mobile
26,우수 온라인 강의콘텐츠에 대한 원격대학 학습자의 연령별 인식,Perceptions of Distance University Learners' Satisfaction on Online Lecture Content by Age Group,"본 연구에서는 원격대학의 온라인 강의콘텐츠에서 학습자들이 인식하는 만족 요소 및 불만족 요소를 살펴보고, 이에 대한 연령별 차이를 조사, 분석하였다. 연구결과 성인학습자들은 우수한 온라인 강의콘텐츠 요소로 지적 자극을 제공하는 내용, 이해하기 쉬운 교수자의 설명, 열정적이고 학생을 존중하는 교수자의 태도, 길지 않은 강의시간을 전연령대에서 공통적으로 인식하고 있었다. 그러나 연령대별 차이를 보였는데 20, 30대는 실무나 실생활에 도움이 되는 강의내용, 시청각에 민감한 화면구성, 최근 강의 영상인지에 대한 여부 등을 중요하게 인식하는 반면, 40대 이상은 교수자의 열정과 태도, 이해를 돕는 교수자의 설명을 우수한 온라인 강의로 인식하는 경향이 높은 것으로 나타났다. 이는 온라인 강의콘텐츠가 우수하다는 인식이 학습자의 연령대로 다를 수 있음을 보여주는 것으로, 최근 코로나19로 확대되고 있는 온라인 강의콘텐츠 제작시 학습자의 연령대를 고려할 필요가 있음을 제안하였다.","정혜령
우영희
한국방송통신대학교 원격교육연구소
한국방송통신대학교 원격교육연구소",http://click.ndsl.kr/servlet/OpenAPIDetailView?keyValue=00326938&amp;target=NART&amp;cn=JAKO202022560455177,http://click.ndsl.kr/servlet/OpenAPIDetailView?keyValue=00326938&amp;target=NART&amp;cn=JAKO202022560455177&amp;type=mobile
27,코로나19 사태에서 국가의 정보통신기반 구축&amp;#183;보호 책임에 대한 시론적 고찰,A Preliminary Study on State Responsibility for Establishment and Protection of Information and Telecommunication Infrastructure in COVID-19 Pandemic,코로나19 사태는 정보통신의 기초가 되는 바탕 또는 토대인 정보통신기반의 필요성을 재인식하는 계기가 된다는 문제의식에 바탕을 두고 주로 법학적 관점의 문헌 조사와 규범적 고찰을 통하여 코로나19 사태에서 정보통신기반의 중요성을 확인하고 정보통신기반 구축&amp;#183;보호에서 국가의 책임을 구현하는 제도적 방안이 무엇인지를 총론적 관점에서 살펴보았다. 정보통신기반은 코로나19 대응에서 중요한 역할을 하였으며 포스트 코로나 시대의 디지털 전환의 주요 관건이다. 이에 따라 국가는 정보통신기반의 구축과 보호에 대한 책임이 있다. 국가의 정보통신기반 구축&amp;#183;보호 책임에서 제도적 방안은 중요한 의미를 지니며 법률적 차원의 대응뿐만 아니라 정보통신기반 구축&amp;#183;보호에 관한 국가목표규정을 형성하는 헌법적 차원의 대응도 필요할 수 있다. 이러한 연구결과는 관련 개별 법령에 대한 세부적인 연구의 기본 전제와 방향성을 제시한다.,"박상돈
국가보안기술연구소",http://click.ndsl.kr/servlet/OpenAPIDetailView?keyValue=00326938&amp;target=NART&amp;cn=JAKO202024852035920,http://click.ndsl.kr/servlet/OpenAPIDetailView?keyValue=00326938&amp;target=NART&amp;cn=JAKO202024852035920&amp;type=mobile
28,축산수첩 - 무자격 체류자 외국인 코로나19 선별검사 비용 및 통보의무 면제 안내,,,"한국오리협회
한국오리협회",http://click.ndsl.kr/servlet/OpenAPIDetailView?keyValue=00326938&amp;target=NART&amp;cn=JAKO202056863204530,http://click.ndsl.kr/servlet/OpenAPIDetailView?keyValue=00326938&amp;target=NART&amp;cn=JAKO202056863204530&amp;type=mobile
29,코로나 19상황에서 대학신입생들의 자아탄력성 정도에 따른 우울감과 심리적 정서의 차이,Differences in depression and psychological emotions according to the degree of self-elasticity of college freshmen in COVID-19,"본 연구는 코로나 19상황에서 대학신입생들의 자아탄력성 정도에 따른 우울감과 심리적 정서 차이를 파악하기 위해 시도되었다. 2020년 4월 6일부터 13일까지 온라인을 통해 설문조사를 실시하였으며, 불충분한 설문을 제외하고 총 220부의 설문자료를 활용하여 결과를 분석하였다. 분석결과, 자아탄력성이 평균미만인 경우가 평균이상인 경우에 비해 신입생들의 우울감 뿐 아니라 코로나 19로 인한 심리적 정서인 불안, 초조, 답답함, 무기력, 분노, 두려움, 혼란, 불신 등 모든 정서에 있어서 통계적으로 유의미하게 더 높은 것을 알 수 있었다. 이러한 결과를 바탕으로 재학생들의 심리적 안정과 정신적 건강을 회복하고 유지할 수 있도록 돕기 위한 대학의 역할과 대처 방안을 몇 가지 제안하였다.","양혜진
대전대학교 사회복지학과",http://click.ndsl.kr/servlet/OpenAPIDetailView?keyValue=00326938&amp;target=NART&amp;cn=JAKO202025465016843,http://click.ndsl.kr/servlet/OpenAPIDetailView?keyValue=00326938&amp;target=NART&amp;cn=JAKO202025465016843&amp;type=mobile
30,"건축담론 - 코로나19, 그 이후의 건축!","Architecture Discussion - COVID 19, The architecture thereafter!",,"남상득
(주)씨엔 건축사사무소",http://click.ndsl.kr/servlet/OpenAPIDetailView?keyValue=00326938&amp;target=NART&amp;cn=JAKO202058355986958,http://click.ndsl.kr/servlet/OpenAPIDetailView?keyValue=00326938&amp;target=NART&amp;cn=JAKO202058355986958&amp;type=mobile
31,SARS-CoV-2의 진단기술,Diagnostic Techniques for SARS-CoV-2 Detection,"코로나바이러스감염증-19(COVID-19)는 SARS-CoV-2에 의해 발병된다. 지금까지 인간에게 감염되는 7 가지 종류의 코로나 바이러스가 보고되었다. 그 중, HCoV-229E, HCoV-OC43, HCoV-NL63, 그리고 HCoV-HKU1 등 4종류의 코로나바이러스는 감기와 같은 단순 호흡기 질환을 유발한다고 보고되었다. 반면, SARS-CoV는 2002년에, MERS-CoV는 2012년에 각각 대유행을 일으킨 바 있다. 가장 최근에는 2019년 12월 중국 우한에서 처음 보고된 SARS-CoV-2가 전세계적인 대유행의 원인이 되고 있다. 이러한 SARS-CoV-2를 진단하고, 치료하고, 예방하기 위해서는 신속 정확한 진단키트, 치료제, 그리고 안전한 백신의 개발의 필수적으로 요구된다. 이러한 강력한 도구들을 개발하기 위해서는 SARS-CoV-2의 표현형, 유전자형, 그리고 생활주기 등의 연구가 선행되어야 한다. SARS-CoV-2의 진단기술은 현재 크게 두가지의 큰 분야인 분자진단과 면역혈청학적 진단으로 구분할 수 있다. 분자진단의 경우 SARS-CoV-2의 유전체를 대상으로 하며, 면역혈청학적 진단은 SARS-CoV-2의 항원 단백질 혹은 SARS-CoV-2에 대한 항체를 대상으로 한다. 본 총설에서는 SARS-CoV-2의 표현형, 유전체 구조, 그리고 유전자 발현에 대해서 정리하고, SARS-CoV-2에 대한 다양한 진단 기술 등에 대한 기초지식을 제공하고자 한다.","김종식
강나경
박선미
이은주
정경태
국립안동대학교 생명공학부
동의대학교 임상병리학과
동의대학교 임상병리학과
국립안동대학교 생명공학부
동의대학교 임상병리학과",http://click.ndsl.kr/servlet/OpenAPIDetailView?keyValue=00326938&amp;target=NART&amp;cn=JAKO202025356104527,http://click.ndsl.kr/servlet/OpenAPIDetailView?keyValue=00326938&amp;target=NART&amp;cn=JAKO202025356104527&amp;type=mobile
32,"일반 대중의 코로나19에 대한 불안, 지식, 감염 가능성, 감염예방 가능성, 감염예방행위 수행에 관한 연구","A Study on Anxiety, Knowledge, Infection Possibility, Preventive Possibility and Preventive Behavior Level of COVID-19 in General Public","본 연구는 코로나19 확산에 따른 대중의 불안, 지식, 감염 가능성, 감염예방 가능성, 감염예방행위 수행도 수준을 파악하기 위해 시도되었다. 2020년 4월 6일부터 4월 10일까지 20~50대 성인 208명을 대상으로 자료수집을 하였다. 대상자의 일반적 특성과 코로나19 관련 불안, 지식, 감염 가능성, 감염예방 가능성, 감염예방행위 수행도 수준을 설문조사하였고, 수집된 자료는 SPSS 23.0을 이용하여 기술통계, t-test, ANOVA, 상관관계 분석을 실시하였다. 본 연구결과에서 나타난 불안 점수는 성별, 연령, 결혼여부, 동거가족 유형에 따라 통계적으로 유의미한 차이가 나타났으며, 지식 점수는 연령, 결혼여부에 따라, 감염 가능성은 연령과 지역에 따라, 감염예방행위 수행도는 성별, 연령, 결혼여부, 동거가족 형태에 따라 통계적으로 유의한 차이가 나타났다. 하지만 감염예방 가능성의 경우 대상자 특성에 따른 차이는 없는 것으로 나타났다. 이상의 연구결과는 개인과 지역사회의 감염병 예방을 위한 적절한 보건 정책을 마련하는데 필요한 기초 자료로 사용될 수 있을 것이다. 추후 감염병 유행 시기별로 응답자의 반응을 비교하는 연구가 필요하며 지역 범위와 대상자 규모를 확대한 반복 연구를 제언한다.","정애리
홍은주
부천대학교 간호학과
서울대학교 간호대학",http://click.ndsl.kr/servlet/OpenAPIDetailView?keyValue=00326938&amp;target=NART&amp;cn=JAKO202024852036407,http://click.ndsl.kr/servlet/OpenAPIDetailView?keyValue=00326938&amp;target=NART&amp;cn=JAKO202024852036407&amp;type=mobile
33,세계를 위협한 코로나 19,,"지난해 10월부터 시작된 오리사육제한이 올해 2월까지 4개월간 실시됐다. 사육제한이 끝난 농가들이 기지개를 필 무렵, 코로나바이러스감염증-19(COVID-19, 이하 코로나19)가 터졌다. 3년간 시행된 오리사육 제한으로 생산비를 밑돌면서 오리를 생산해 온 오리업체들은 이번 사육제한을 끝으로 발돋움하려는 청사진을 그려놓았다. 그러나 세계를 '정지'상태로 만든 코로나19로 오리산업은 다시 답보상태에 빠졌다. 올해 외식산업에서의 '오리산업 전성기'를 꿈꾸며 오리자조금이 추진한 '오리 중량판매' 등의 시책은 코로나19로 두문불출하며 외식을 줄인 소비자들에게 제대로 선을 보이지도 못한 상태다. 외식시장의 대부분이 수입육으로 이뤄져 있는 대부분의 축종들은 가정소비가 늘어나면서 오히려 때아닌 특수를 누렸지만 외식수요로 생오리의 대부분을 판매하던 오리산업은 '나홀로' 피해를 입은 축종이 돼 버렸다. 오리사육 제한으로 입은 피해에서 아직 벗어나지도 못한 오리산업, 코로나19는 오리산업에 얼마만큼의 피해를 준 것일까? 이 패해는 언제 끝나는 것일까?","한국오리협회
한국오리협회",http://click.ndsl.kr/servlet/OpenAPIDetailView?keyValue=00326938&amp;target=NART&amp;cn=JAKO202054664427008,http://click.ndsl.kr/servlet/OpenAPIDetailView?keyValue=00326938&amp;target=NART&amp;cn=JAKO202054664427008&amp;type=mobile
34,"코로나바이러스감염증(COVID-19)에 대한 국내 및 해외 A.I 시스템의 대응: 전자정부, 정책, A.I 활용사례","The response of A.I systems in other countries to Corona Virus (COVID-19) Infections: E-Government, Policy, A.I utilizing cases","중국 우한 시에서 최초로 발병한 코로나바이러스감염증(이하 COVID-19)으로 인한 인명 피해 및 사회&amp;#183;경제적 손실은 매우 크며 현재 세계 주요 각국에서는 COVID-19와 같은 감염병의 확산을 막기 위해서는 발생 추이를 초기에 정확히 예측하는 것이 중요하다고 보고 감염병 대응 체계 구축 시 인공지능을 적극 활용하고 있다. 이에 본 연구에서는 감염병 확산에 대응하기 위한 해외 각국의 인공지능 활용 현황을 파악, 국내 현황과 비교&amp;#183;분석했으며 몇 가지 시사점을 도출할 수 있었다. 연구 결과 보다 효율적으로 인공지능을 활용해 감염병에 대응하기 위해서는 원 헬스(One Health) 기반의 국가 컨트롤타워 구축이 필요하다는 결론이 도출되었으며 이에 컨트롤타워가 갖춰야 할 요건을 살펴보았다. 또한 국가 안보 차원에서의 감염병 대응을 위해 상위 기관인 의료 빅데이터 거버넌스를 설립할 것을 제안하였다. 향후 본 연구에서 도출된 결론 및 시사점을 정책적으로 활용하기 위한 연구가 필요할 것으로 보이며 본 연구가 제안하는 바를 반영해 제도적 미비점을 보완한다면 감염병 확산 방지 및 의료 빅데이터를 유용하게 활용하는데 긍정적으로 작용할 것으로 전망된다.","Kim, Hyejin
글로벌 디지털 헬스케어 정책 연구소",http://click.ndsl.kr/servlet/OpenAPIDetailView?keyValue=00326938&amp;target=NART&amp;cn=JAKO202018853211707,http://click.ndsl.kr/servlet/OpenAPIDetailView?keyValue=00326938&amp;target=NART&amp;cn=JAKO202018853211707&amp;type=mobile
35,A Study on the Influence of the COVID-19 on the Trend of Use of Applications in China,중국의 코로나19가 애플리케이션 사용추세에 미치는 영향 연구,,"Lee, Jung Hee",http://click.ndsl.kr/servlet/OpenAPIDetailView?keyValue=00326938&amp;target=NART&amp;cn=NART103449274,http://click.ndsl.kr/servlet/OpenAPIDetailView?keyValue=00326938&amp;target=NART&amp;cn=NART103449274&amp;type=mobile
36,Study of Radiometer System Based on Electrical Beam Steering for Direction Detection of Corona Discharge,코로나 방전의 방향탐지를 위한 전기적 빔 조향 기반 라디오미터 시스템 연구,,"Kim, Sumin
Cheon, Changyul",http://click.ndsl.kr/servlet/OpenAPIDetailView?keyValue=00326938&amp;target=NART&amp;cn=NART104122616,http://click.ndsl.kr/servlet/OpenAPIDetailView?keyValue=00326938&amp;target=NART&amp;cn=NART104122616&amp;type=mobile
37,편의점 내 디지털 사이니지 티저(Teaser) 광고가 오리지널 콘텐츠 시청에 미치는 영향 연구: BGF 네트웍스의 바터(Barter)광고를 중심으로,A study about the teaser advertising effect on a digital signage in a convenience store for viewing the original content : focusing on BGF Networks' Barter advertisement,"우리는 365일, 버스와 지하철에서 편의점, 커피숍, 음식점, 그리고 엘리베이터 등 디지털 사이니지(Digital Signage)를 통해 나오는 영상 콘텐츠 및 수많은 정보 등을 접하고 있다. 하지만, 지금까지 디지털 사이니즈(Digital Signage)와 관련된 연구에 있어서는 디지털 사이니즈(Digital Signage)의 기술적인 효과 측면 또는 소비자 경험 측면에만 중점을 둔 연구가 진행되었으며, 해당 디지털 사이니즈(Digital Signage)의 티저(Teaser) 광고가 시청 의도에 미치는 영향에 대한 연구는 거의 전무하다시피 하였다. 이에 본 연구를 통해, 편의점의 디지털 사이니지(Digital Signage)가 소비자, 시청자들에게는 다양한 영상 콘텐츠 경험을 제공하고 소통이 가능한 차별화된 디지털 사이니지(Digital Signage)만의 영역으로서의 발전을 기대해 봄과 동시에 2020년, 전 세계적인 코로나19 사태 이후, 점차 비대면, 디지털 콘텐츠에 대한 수요가 늘어나고 있는 환경하에서 디지털 콘텐츠(영상)도 이제는 제품으로 인식하는 시대임을 보여주는 하나의 연구로서의 방향을 제시하고자 한다.","김연성
김태양
한성대학교 스마트융합컨설팅학과
대진대학교 미디어커뮤니케이션학과",http://click.ndsl.kr/servlet/OpenAPIDetailView?keyValue=00326938&amp;target=NART&amp;cn=JAKO202025465016923,http://click.ndsl.kr/servlet/OpenAPIDetailView?keyValue=00326938&amp;target=NART&amp;cn=JAKO202025465016923&amp;type=mobile
38,K-평균 군집화 알고리즘 및 딥러닝 기반 군중 집계를 이용한 전염병 확진자 접촉 가능성 여부 판단 모니터링 시스템 제안,Proposal of a Monitoring System to Determine the Possibility of Contact with Confirmed Infectious Diseases Using K-means Clustering Algorithm and Deep Learning Based Crowd Counting,"전 세계적으로 무증상의 코로나바이러스 감염증-19 감염자가 자신이 감염된 것을 모르고 주변인들에게 전파할 수 있다는 가능성은 국민이 전염병 확산에 대한 불안과 두려움에서 벗어나지 못하고 있다는 점에서 여전히 매우 중요한 이슈이다. 본 논문에서는 K-평균 군집화 알고리즘 및 딥러닝 기반 군중 집계를 이용한 전염병 확진자 접촉 가능성 여부 판단 모니터링 시스템을 제안하였다. 모든 입력 학습 영상에 대해 300회 반복 학습한 결과, PSNR값은 21.51, 전체 데이터 셋에 대한 최종 MAE값은 67.984였다. 이는 확진자와 주변인과의 거리와 감염률 산출, 잠재적 환자 동선 주변 인원의 위험도 순 그룹 및 감염률 예측에 대한 영상 속 화질 정보, 관측치 간의 평균 절대 오차를 의미하며 각 CCTV 장면에서 군중의 수가 4,000명 이하일 때에는 평균 절대 오차 값이 0에 가까움을 증명하였다.","이동수

김영광
신혜주
김진술
전남대학교 일반대학원 ICT융합시스템공학과
전남대학교 일반대학원 ICT융합시스템공학과
전남대학교 일반대학원 ICT융합시스템공학과
전남대학교 공과대학 컴퓨터정보통신공학과
전남대학교 공과대학 컴퓨터정보통신공학과",http://click.ndsl.kr/servlet/OpenAPIDetailView?keyValue=00326938&amp;target=NART&amp;cn=JAKO202028662596666,http://click.ndsl.kr/servlet/OpenAPIDetailView?keyValue=00326938&amp;target=NART&amp;cn=JAKO202028662596666&amp;type=mobile
39,정치 PR 전략으로서의 SNS 메시지 : 21대 총선을 중심으로,SNS Message as an Political PR Campaign Strategy: Focusing on the 21st General Election,"이번 2020년 4.15에 치른 21대 총선에서는 코로나 19와 맞물리면서 선거 캠페인으로써의 SNS에 대한 중요성이 더욱 두드러졌다. 이에 본 연구에서는 선거 캠페인으로서의 SNS 전략을 수립하기 위해 다양한 연구를 진행하였다. 본 연구는 선거 캠페인 도구로서의 SNS(페이스북, 트위터, 유튜브) 활동을 살펴보고자 2020년 제21대 국회의원 선거 기간 동안에 서울시 종로구 후보인 이낙연 후보와 황교안 후보의 SNS상의 메시지에 관한 내용 분석을 실시하였다. 자료 수집은 각 후보들의 공식계정의 올라온 글들을 위주로 분석했으며 조사방법은 R 프로그램을 활용하여 텍스트 분석을 했으며, 텍스트 분석 중 워드 클라우드, 비교 분석, q-graph 분석, LDA, STM 분석 등을 사용하였다. 그리고 분석결과는 상관관계 분석을 통하여 통계적으로 유의미한지를 확인하였다. 연구 결과 이낙연 후보의 선거 내용을 살펴보면 코로나, 국민, 문제, 위기, 고통, 지혜 등이 있는데, 이는 코로나로 인한 위기 문제를 지혜를 짜내어 극복해야 한다는 메시지를 나타내고 있다. 반면 황교안 후보의 선거 내용은 문재인, 정권, 살리다, 조국, 심판, 경제 등이 있는데, 이는 현재의 문재인 정권과 조국에 대한 심판과 더불어 나라를 살려야 한다는 메시지를 전달하고 있다. 그리고 정치홍보 관점에서 이낙연 후보는 칭송(acclaim)을 많이 하였고 반면에 황교안 후보는 공격(attack)을 많이 하였으며, 메시지 논제는 두 후보 모두 이미지보다는 정책에 대한 부분을 강조하였다.","차영란
수원대학교 미디어 커뮤니케이션학과",http://click.ndsl.kr/servlet/OpenAPIDetailView?keyValue=00326938&amp;target=NART&amp;cn=JAKO202029462557823,http://click.ndsl.kr/servlet/OpenAPIDetailView?keyValue=00326938&amp;target=NART&amp;cn=JAKO202029462557823&amp;type=mobile
40,코로나바이러스감염증-19와 일부 가축전염병 방역소독제품의 함유성분 및 유해물질 조사,Investigation of Ingredients and Hazardous Substances in Disinfectants Used against COVID-19 and Some Livestock Diseases,"Objectives: The Coronavirus Disease 2019 (COVID-19) pandemic has caused the death of 740,000 people around the world as of August 12, 2020. Foot-and-Mouth Disease, Avian Influenza, and African Swine Fever are serious livestock diseases. Government agencies in Korea have provided ingredient information and usage instructions for disinfectants used to counter those infectious diseases. The purpose of this study was to provide information on the chemical ingredients in disinfectant products used against COVID-19 and certain livestock diseases. Methods: We collected information from the Korean government. The Central Disaster Management Headquarters and Central Disease Control Headquarters provided information on disinfectant products used against COVID-19. The Animal and Plant Quarantine Agency of Korea provided information on efficacy-certified disinfectant products for use against selected livestock diseases. Health hazard and environmental hazard information on the ingredients in the disinfectants was collected from the Korea Occupational Safety &amp; Health Agency's Material Safety Data Sheets, and toxicity value information was collected from United States Environmental Protection Agency's CompTox Chemicals Dashboard. Results: There were 76 COVID-19 disinfectant products in use, and the most common ingredients were benzalkonium chloride (51%), alkylbenzyl dimethyl ammonium (30%), and ethanol (3%). There were 216 livestock disease disinfectant products comprised of 89 acidic, 88 oxidic, 30 aldehydic, three alkaline, and six other products. Among the 49 active ingredients used in the disinfectants that were investigated, health and environmental hazard information was provided for many of them, but only 20 chemicals had official toxicological information. Conclusion: Since the disinfectants included numerous chemicals, an understanding of their chemical characteristics could be critical to prevent unintended human or environmental exposure.","김동현
임미영
이기영
서울대학교 보건대학원 환경보건학과
서울대학교 보건환경연구소
서울대학교 보건대학원 환경보건학과",http://click.ndsl.kr/servlet/OpenAPIDetailView?keyValue=00326938&amp;target=NART&amp;cn=JAKO202025356104378,http://click.ndsl.kr/servlet/OpenAPIDetailView?keyValue=00326938&amp;target=NART&amp;cn=JAKO202025356104378&amp;type=mobile
41,기고 - 코로나19에 대응한 사업장 만성질환자 건강관리대책 (1) 대사증후군 중심으로,,"사업장 근로자들에게 코로나19에 대응한 건강예방관리는 중요한데, 특히 만성질환자일 경우, 집중적인 관리가 필요하다. 많은 근로자에서 공통적인 소견으로 보이는 대사증후군 중심으로, 이들 질환이 코로나19 감염에 어떻게 영향을 미치고 질병 발생 시 어떠한 경과를 보이는지 살펴봄으로써 근로자 스스로가 건강을 지킬 수 있는 지침을 제안하고자 한다.","하명화
대한산업보건협회 안산산업보건센터",http://click.ndsl.kr/servlet/OpenAPIDetailView?keyValue=00326938&amp;target=NART&amp;cn=JAKO202063758859050,http://click.ndsl.kr/servlet/OpenAPIDetailView?keyValue=00326938&amp;target=NART&amp;cn=JAKO202063758859050&amp;type=mobile
42,국제산업보건동향 - 코로나-19에 대응하기 위한 세계의 노력,,,"대한산업보건협회
대한산업보건협회",http://click.ndsl.kr/servlet/OpenAPIDetailView?keyValue=00326938&amp;target=NART&amp;cn=JAKO202063758833753,http://click.ndsl.kr/servlet/OpenAPIDetailView?keyValue=00326938&amp;target=NART&amp;cn=JAKO202063758833753&amp;type=mobile
43,Comparative Analysis of News Articles related to Airlines and Staff the Previous Corona19(2019) and After Corona19(2020),,본 연구는 코로나19의 세계적 대유행(Pandemic)으로 인하여 세계경제가 다양한 문제에 직면하는 상황에서 항공사와 종사원에대한 기사들은 코로나19이전과 이후에 어떤 변화를 나타내고 있는지 시기적인 분석을 통한 언론사뉴스 기사건수와 트렌드를 분석해보고자 하는 것이다. 이를 위해 한국 언론진흥재단(Korea Press Foundation) 빅카인즈(Bigkinds) 뉴스 분석 서비스를 이용하여 코로나19 이전과 이후 항공사와 종사원에 관련된 기사건수와 트렌드를 분석하여 시각화하였다. 이를 위해 2019년 1월1일에서 5월 31일까지 그리고 2020년 1월 1일에서 5월 31일까지 빅카인즈 서비스 시스템을 통해 추출하였다. 분석 결과 코로나19 이전 과 이후에 기사건수는 항공관련이벤트가 발생한 경우 폭발적으로 증가하였다. 그리고 구조조정관련 뉴스로 트렌드의 변화가 일어나고 있음을 확인할 수 있었다. 코로나19의 영향에 따른 항공 산업의 위기 극복을 위해 정부 및 항공사의 적극적인 노력이 필요할 것이다. 본 연구 결과는 코로나19 이전과 이후 뉴스기사와 관련된 건수와 트렌드를 분석하여 향후 항공사 및 종사원에게 닥칠 수 있는 영향에 대한 전략 수립에 필요한 실무적 시사점을 제시하였다는 점에서 의의를 갖는다.,"Kim, Jeong-O
Kwon, Choong-Hoon
Dept. of Childhood English Education, Kwangju Women's University
Dept. of Secondary Special Education, Kwangju Women's University",http://click.ndsl.kr/servlet/OpenAPIDetailView?keyValue=00326938&amp;target=NART&amp;cn=JAKO202021961381383,http://click.ndsl.kr/servlet/OpenAPIDetailView?keyValue=00326938&amp;target=NART&amp;cn=JAKO202021961381383&amp;type=mobile
44,코로나바이러스 감염증-19 사태를 통한 노인장기요양시설의 감염관리 개선 방향,Improvement of Infection Control System in Long-term Care Facilities after the Coronavirus Disease Outbreak,"Purpose: COVID-19 infections have been erupting in places of worship, long-term care facilities, and call centers in Korea since January 2020. This study aims to diagnose and present an infection control system solution for long-term care facilities where at-risk elderly individuals are actively engaged in communal life. Methods: We conducted comparative analyses of infection control systems between long-term care facilities and medical institutions respective of relevant laws and this study's evaluation system. Results: To prepare for future infectious diseases, it is necessary to establish a long-term care facility infection control system and strengthen the standards thereof, to strengthen long-term care facility evaluation standards and to newly establish medical charges for infection control. Conclusion: Systematic procedure fortification and financial support provisions are necessary for infection control at long-term care facilities.","김두리
이미향
건양대학교 간호대학 간호학과
건양대학교 간호대학 간호학과",http://click.ndsl.kr/servlet/OpenAPIDetailView?keyValue=00326938&amp;target=NART&amp;cn=JAKO202025551105976,http://click.ndsl.kr/servlet/OpenAPIDetailView?keyValue=00326938&amp;target=NART&amp;cn=JAKO202025551105976&amp;type=mobile
45,IoT기반 다중 생체정보 측정을 위한 원격 의료 스마트 헬스케어 시스템,Remote medical Smart healthcare system for IoT-based multi-biometric information measurement,"최근 코로나19 바이러스로 인하여 언컨텍트 서비스가 본격적으로 활성화됨에 따라 비대면 접촉 원격 의료 서비스를 제공하기 위한 시스템 개발의 필요성이 증가하게 되었다. 본 연구에서는 원격진료를 지원하기 위한 스마트 헬스케어 시스템인 Rm_She(Remote Medical Smart Healthcare System)을 제안한다. Rm_She는 IoT를 기반으로 생체신호를 감지하는 다양한 헬스케어 제품을 하나의 애플리케이션으로 연결하여 여러 가지의 생체신호 정보를 수집 및 관리할 수 있다. 스마트 폰에 실행되는 헬스체크 앱(HC_app)을 이용하여 여러 종류의 생체신호 측정 장치와 무선랜으로 연결하고, 생체신호 값을 HC_app에서 전송 받아, 사용자에게 측정된 생체신호를 출력하고, 해당 정보를 헬스케어관리서버로 전송한다. 헬스케어 서버에서는 측정값을 전송 받아 데이터베이스에 저장하고, 저장된 측정값은 의료진들이 원격에서 실시간으로 모니터링 할 수 있도록 웹서비스로 제공한다.","심정용
서현곤
한라대학교 정보통신공학과 대학원
한라대학교 정보통신소프트웨어학과",http://click.ndsl.kr/servlet/OpenAPIDetailView?keyValue=00326938&amp;target=NART&amp;cn=JAKO202031064817808,http://click.ndsl.kr/servlet/OpenAPIDetailView?keyValue=00326938&amp;target=NART&amp;cn=JAKO202031064817808&amp;type=mobile
46,소아청소년 코로나바이러스감염증-19 대응지침,Guidelines for Coronavirus Disease 2019 Response in Children and Adolescents,"대한소아감염학회와 질병관리본부 중앙방역대책본부는 소아청소년 코로나바이러스감염증-19 (coronavirus disease 2019, COVID-19) 대응지침을 발표하였다. 사례정의 및 조치사항을 신생아, 영아, 소아청소년에 맞추어 정리하였으며, 보호자 관리에 대한 지침을 마련하였다. 본 종설에서는 우리나라 소아청소년 COVID-19 대응지침의 내용을 소개하고자 한다.","김기환
조은영
김동현
김한울
박지영
은병욱
조대선
최수한
최재홍
한미선
최은화
김종현
대한소아감염학회
가톨릭대학교 의과대학 인천성모병원 소아청소년과
충남대학교병원 소아청소년과
인하대학교 의과대학 부속병원 소아청소년과, 인하대학교 의과대학 소아과학교실
한림대학교 의과대학 한림대학교성심병원 소아청소년과
중앙대학교병원 소아청소년과
노원을지대학교병원 소아청소년과
전북대학교 의과대학 소아청소년과학교실
한림대학교 의과대학 동탄성심병원 소아청소년과
제주대학교병원 소아청소년과
서울특별시보라매병원 소아청소년과
서울대학교 의과대학 서울대학교 어린이병원 소아청소년과
가톨릭대학교 의과대학 성빈센트병원 소아청소년과
대한소아감염학회",http://click.ndsl.kr/servlet/OpenAPIDetailView?keyValue=00326938&amp;target=NART&amp;cn=JAKO202013661037749,http://click.ndsl.kr/servlet/OpenAPIDetailView?keyValue=00326938&amp;target=NART&amp;cn=JAKO202013661037749&amp;type=mobile
47,"코로나바이러스감염증-19의 바이러스 (SARS-CoV-2) 특징, 전파 및 임상 양상","Epidemiology, Virology, and Clinical Features of Severe Acute Respiratory Syndrome Coronavirus 2 (SARS-CoV-2; Coronavirus Disease-19)","2019년 12월에 중국 후베이성 우한시에서 원인 미상 폐렴이 무리 지어 발생하기 시작하였다. 환자의 하기도에서 이전에 알려지지 않은 새로운 코로나바이러스가 분리되었으며 severe acute respiratory syndrome coronavirus-2 (SARS-CoV-2)로 명명되었다. 세계보건기구는 SARS-CoV-2에 의한 질병을 코로나바이러스감염증-19(coronavirus disease 2019, COVID-19)로 명명하였다. 2020년 3월 11일에 COVID-19는 전세계 최소 114국으로 퍼졌으며 약 4,000명이 사망하여 세계보건기구는 COVID-19가 세계적 대유행임을 선언하였다. 지난 20년 동안 새로운 코로나바이러스에 의한 두 번의 유행이 있었다. 2002-2003년 중증급성호흡기증후군(severe acute respiratory syndrome, SARS) 유행 시에는 8,098명의 확진 환자와 774명의 사망자가 발생하였으며, 2012년에 사우디 아라비아에서 시작되어 현재까지 주로 아라비아 반도에서 발생하고 있는 중동호흡기증후군(Middle East respiratory syndrome, MERS)는 2019년까지 총 2,499명의 환자와 858명의 사망자를 발생시켰다. 본 종설의 목적은 2020년 3월 12일까지 알려진 SARS-CoV-2의 특징과 전파 양상 및 COVID-19의 임상 증상을 알아보고 SARS와 MERS와의 유사점 및 차이점에 대하여 간략하게 소개하는 것이다.","박수은
부산대학교 어린이병원 소아청소년과학교실",http://click.ndsl.kr/servlet/OpenAPIDetailView?keyValue=00326938&amp;target=NART&amp;cn=JAKO202013661037738,http://click.ndsl.kr/servlet/OpenAPIDetailView?keyValue=00326938&amp;target=NART&amp;cn=JAKO202013661037738&amp;type=mobile
48,A Comparative Study on the 'Corona19' News Frame Based on Ideological Orientation of Media,언론의 이념성향에 따른 ‘코로나19’ 보도 프레임 비교 연구,,"Park, Joo-Hyun",http://click.ndsl.kr/servlet/OpenAPIDetailView?keyValue=00326938&amp;target=NART&amp;cn=NART103440651,http://click.ndsl.kr/servlet/OpenAPIDetailView?keyValue=00326938&amp;target=NART&amp;cn=NART103440651&amp;type=mobile
49,Online Art Education and Post Art Education Discourse - Case Study on Online Art Education -,온라인 미술교육을 통해 살펴본 포스트 코로나 시대 미술교육 변화에 관한 사례연구,,"Jeong, Da-Eun",http://click.ndsl.kr/servlet/OpenAPIDetailView?keyValue=00326938&amp;target=NART&amp;cn=NART103440925,http://click.ndsl.kr/servlet/OpenAPIDetailView?keyValue=00326938&amp;target=NART&amp;cn=NART103440925&amp;type=mobile
50,이달의 육계전망 - 코로나 19 재확산으로 닭고기 소비침체 장기화될 듯,,,"대한양계협회
대한양계협회",http://click.ndsl.kr/servlet/OpenAPIDetailView?keyValue=00326938&amp;target=NART&amp;cn=JAKO202064437942764,http://click.ndsl.kr/servlet/OpenAPIDetailView?keyValue=00326938&amp;target=NART&amp;cn=JAKO202064437942764&amp;type=mobile
51,언택트(Untact) 디지털 전환(DT) 시대의 대학수학교육 사례,A Case Study on College Mathematics Education in Untact DT Era,"2019년 12월 중국 우한(武漢)으로부터 발생한 신종 코로나바이러스(COVID-19)는 전 세계적으로 급속하게 퍼지며 대학수학교육 환경을 대면 방식에서 비대면(Untact, 비접촉) 방식으로 전환시키고 있다. 이로 인해 대부분의 수학 연구자와 교수자들은 2020년 봄부터 인터넷을 활용한 온라인 화상 회의와 온라인 교육 등 새로운 방식을 사용하고 있다. 본 논문에서는 이러한 과정에서 발생한 난점과 이를 극복한 방법들을 소개하고, 비대면 환경에서 교육의 질을 보장하는 대학수학교육의 다양한 사례를 통하여 체득한 노하우(Know-How)를 공유하고자 한다. 이를 통하여 코로나 이후(After Corona, AC) 시대의 대학수학교육과 연구 환경의 변화 가능성에 대하여 논한다. 특히 갑작스런 전면 비대면 방식의 온라인 교육을 진행하면서 교육의 질을 보장하기 위하여 취한 다양한 테크놀로지 활용 및 학생과의 소통에 대하여 언급한다. 마지막으로 비대면 교육환경의 교수&amp;#183;학습에서 당면한 문제에 대한 해결책과 특히 학생의 학습 활동과 학습과정에 기반한 평가의 구체적인 안을 제시하고 언택트 교육의 사각지대에 대하여 논한다.","이상구
함윤미
이재화
박경은
성균관대학교
경기대학교
성균관대학교
성균관대학교",http://click.ndsl.kr/servlet/OpenAPIDetailView?keyValue=00326938&amp;target=NART&amp;cn=JAKO202029462558111,http://click.ndsl.kr/servlet/OpenAPIDetailView?keyValue=00326938&amp;target=NART&amp;cn=JAKO202029462558111&amp;type=mobile
52,미디어 이슈를 통해 본 포스트 코로나 시대의 도서관 서비스 연구,A Study on Library Service in the Post-COVID Era through Issues on Media,"본 연구는 최근 코로나바이러스감염증-19(코로나19)가 도서관 내외부 환경에 미친 파장에 주목하고, 감염병의 사회적 확산에 따른 도서관계의 대응 활동 양상을 살펴보았다. 또한 도서관을 둘러싼 환경 변화를 가늠하기 위하여 텍스트 마이닝 기술을 활용해 뉴스의 보도 양상과 주요 이슈 변화를 분석함으로써 코로나19에 대한 국내 도서관계의 대응을 파악하였으며, 소셜미디어를 통해 도서관에 대한 이용자들의 인식과 요구가 어떻게 변화하였는지 알아보았다. 수집된 뉴스보도 1,852건과 도서관 관련 트윗 227,983건을 대상으로 주요 이슈를 도출한 결과, 비대면 상황의 장기화, 전자책 대출의 증가, 온라인 서비스 및 사서에 대한 기대감 향상, 도서관 공간 요구의 재조명이라는 시사점을 도출하였다. 마지막으로 언택트(비대면) 상황에서 제공된 도서관 서비스들의 대표 사례를 선정하여 장서, 서비스, 공간으로 구분&amp;#183;정리함으로서 향후 포스트 코로나 시대에 대응하는 도서관 서비스의 방향성을 가늠하고자 하였다.","박태연
오효정
전북대학교 문화융복합아카이빙연구소
전북대학교 문헌정보학과",http://click.ndsl.kr/servlet/OpenAPIDetailView?keyValue=00326938&amp;target=NART&amp;cn=JAKO202028161261214,http://click.ndsl.kr/servlet/OpenAPIDetailView?keyValue=00326938&amp;target=NART&amp;cn=JAKO202028161261214&amp;type=mobile
53,코로나바이러스감염증-19의 임상적 특징,Clinical characteristics of COVID-19,"Coronavirus disease 2019 (COVID-19) is a respiratory tract infection caused by a newly emergent coronavirus, that was first recognized in Wuhan, China, in December 2019. Genetic sequencing of the virus suggests that it is a beta coronavirus closely linked to the SARS virus. This disease has non-specific symptoms such as fever, dry cough, sore throat, and gastrointestinal symptoms. This virus can transmit via aerosol and need to droplet precaution to prevent spreading in public areas. Most people with COVID-19 develop only mild or uncomplicated illness. However, about 20% patients require hospitalization, oxygen supply, and intensive care. There is no currently effective treatment available for COVID-19 unresponsive to supportive care. This is review about the recently published epidemiologic, and clinical features, diagnosis, treatment and prevention of COVID-19.","유정래
허상택
제주대학교 의학전문대학원 내과학교실
제주대학교 의학전문대학원 내과학교실",http://click.ndsl.kr/servlet/OpenAPIDetailView?keyValue=00326938&amp;target=NART&amp;cn=JAKO202026964745021,http://click.ndsl.kr/servlet/OpenAPIDetailView?keyValue=00326938&amp;target=NART&amp;cn=JAKO202026964745021&amp;type=mobile
54,코로나바이러스감염증-19가 치과의료기관의 경제적 손실에 미친 영향 요인 : 다수준 분석의 적용,Factors Affecting COVID-19 Economic Loss to Dental Institutions : Application of multilevel analysis,"This study was conducted to identify the subjective damage caused by COVID-19 and its related factors. The study subjects were members of the Korean Dental Association (KDA). We investigated the damage to dental clinics and hospitals caused by COVID-19 between January and April 2020. After analyzing the final 3,189 responses, the rate of decrease in patients was the highest at 34.9% in March, and the rate of decrease in income was the highest at 34.0% in April. As a result of the multilevel analysis, the damage caused by COVID-19 was greater in regions with more confirmed patients, more careers, and fewer dental staff. The government should establish a compensation plan for hospitals and clinics to prevent the collapse of the medical system due to the prolonged COVID-19. In addition, support for dentistry should be provided to maintain the oral health care system in the future.","이가영
전지은
대한치과의사협회 치과의료정책연구원
대한치과의사협회 치과의료정책연구원",http://click.ndsl.kr/servlet/OpenAPIDetailView?keyValue=00326938&amp;target=NART&amp;cn=JAKO202068662597804,http://click.ndsl.kr/servlet/OpenAPIDetailView?keyValue=00326938&amp;target=NART&amp;cn=JAKO202068662597804&amp;type=mobile
55,폴링에 의한 비정질 BaTiO&lt;sub&gt;3&lt;/sub&gt; 박막의 광학적 특성 조사 및 녹색광 발생,Green Generation and Investigation of Optical Properties of Amorphous BaTiO&lt;sub&gt;3&lt;/sub&gt; by Poling,"유리기판위에 스퍼터링법으로 비정질 BaTiO3막을 증착시켰다. 증착된 BaTiO3 막을 코로나 폴링을 하여 광학적 특성을 조사하였다. 가시광영역에서 투과율은 80% 이상으로 좋았으며, 비선형광학 특성은 폴링 조건에 따라 영향을 받으며, 크기는 1.15pm/V였다. 장기특성도 한달이 지나도 60%이상 유지하였다. 또한 BaTiO3 박막으로부터 녹색광 발생을 확인하였다.","김응수
부산외국어대학교전자로봇공학과",http://click.ndsl.kr/servlet/OpenAPIDetailView?keyValue=00326938&amp;target=NART&amp;cn=JAKO202012764216612,http://click.ndsl.kr/servlet/OpenAPIDetailView?keyValue=00326938&amp;target=NART&amp;cn=JAKO202012764216612&amp;type=mobile
56,"코로나-19 유행으로 인한 사건충격, 건강신념 및 자가치료지침 수행 간의 관계에 관한 융합연구","A Convergence Study on the Relationship between Impact of Event, Health Beliefs and Adherence to Self-Care Guideline for COVID-19","본 연구의 목적은 대구/경북지역의 일반 성인을 대상으로 사건충격과 건강신념이 자가치료지침 수행에 영향을 미치는지 확인하고, 사건충격과 자가치료지침 수행 간의 관계에서 건강신념의 매개효과를 살펴보고자 수행하였다. 연구 참여자는 대구/경북지역에 거주하는 331명의 성인이며, 온라인 설문조사를 통해 자료를 수집하였다. 수집한 자료는 위계적 회귀분석과 Process Procedure (Model 4)를 이용하여 매개효과를 분석하였다. 연구결과, 사건충격은 건강신념에 유의한 직접효과가 있었고, 건강신념은 자가치료지침 수행에 유의한 직접효과가 있었다. 또한, 건강신념은 사건충격과 자가치료지침 수행 간의 관계에서 매개효과가 유의하게 나타났다. 일반 성인을 대상으로 하는 건강교육을 적용함에 있어서 코로나-19와 같은 신종전염병에 관한 건강신념을 확립할 수 있는 교육내용이 필요하며, 자가치료지침 수행을 향상시킬 수 있는 프로그램을 주기적으로 수행할 필요가 있음을 논의하였다.","신선화
백온전
삼육대학교 간호대학
삼육대학교 대학원 간호학과",http://click.ndsl.kr/servlet/OpenAPIDetailView?keyValue=00326938&amp;target=NART&amp;cn=JAKO202031064817942,http://click.ndsl.kr/servlet/OpenAPIDetailView?keyValue=00326938&amp;target=NART&amp;cn=JAKO202031064817942&amp;type=mobile
57,제14회 대한민국 패키징대전,KOREA STAR AWARDS 2020,"산업통상자원부가 주최하고 한국생산기술연구원 패키징기술센터가 주관하는 '제14회 대한민국 패키징대전' 결과가 지난달 초 발표되었다. 코로나19의 영향으로 시상식은 개최되지 못했지만, 7월 27일부터 30일까지 일산 킨텍스 전시장에서 개최된 '코리아팩2020' 특별관에서 수상작들이 소개되었다. 국내 최고 권위의 패키징 종합 행사인 '제14회 대한민국 패키징대전'은 관련 산업 종사자의 긍지를 높이고 기술혁신 분위기를 확산하기 위해 2007년부터 한국생산기술연구원이 매년 개최하고 있는 행사로, 올해에는 (주)컬리의 '보냉기능을 가지는 포장용 골판지박스'가 대상인 국무총리상을 수상했다. 또한 공로부문에서는 이현호 (사)한국패키징단체총연합회 회장/(주)서원수출포장 대표이사와 (주)흥아기연이 산업통상자원부장관 표창을 수여받았다. 다음에 '제14회 대한민국 패키징대전' 기업부문 수상작을 통해 최신 국내 패키징 경향에 대해 알아보도록 한다.","(사)한국포장협회
(사)한국포장협회",http://click.ndsl.kr/servlet/OpenAPIDetailView?keyValue=00326938&amp;target=NART&amp;cn=JAKO202063758834658,http://click.ndsl.kr/servlet/OpenAPIDetailView?keyValue=00326938&amp;target=NART&amp;cn=JAKO202063758834658&amp;type=mobile
58,Coronavirus Disease-19(COVID-19)에 특화된 인공신경망 기계번역기,Neural Machine translation specialized for Coronavirus Disease-19(COVID-19),"최근 세계보건기구(WHO)의 Coronavirus Disease-19(COVID-19)에 대한 팬데믹 선언으로 COVID-19는 세계적인 관심사이며 많은 사망자가 속출하고 있다. 이를 극복하기 위하여 국가 간 정보 교환과 COVID-19 관련 대응 방안 등의 공유에 대한 필요성이 증대되고 있다. 하지만 언어적 경계로 인해 원활한 정보 교환 및 공유가 이루어지지 못하고 있는 실정이다. 이에 본 논문은 COVID-19 도메인에 특화 된 인공신경망 기반 기계번역(Neural Machine Translation(NMT)) 모델을 제안한다. 제안한 모델은 영어를 중심으로 프랑스어, 스페인어, 독일어, 이탈리아어, 러시아어, 중국어 지원이 가능한 Transformer 기반 양방향 모델이다. 실험결과 BLEU 점수를 기준으로 상용화 시스템과 비교하여 모든 언어 쌍에서 유의미한 높은 성능을 보였다.","박찬준
김경희
박기남
임희석
고려대학교 컴퓨터학과
부산외국어대학교 동남아창의융합학부
고려대학교 정보창의교육연구소
고려대학교 컴퓨터학과",http://click.ndsl.kr/servlet/OpenAPIDetailView?keyValue=00326938&amp;target=NART&amp;cn=JAKO202028851206487,http://click.ndsl.kr/servlet/OpenAPIDetailView?keyValue=00326938&amp;target=NART&amp;cn=JAKO202028851206487&amp;type=mobile
59,코로나 방전 플라즈마 처리수에 의한 어류 병원체 소독 효과,Disinfection effect of corona discharged plasma water on fish pathogens,"Fish culture is constantly threatened by various infectious diseases which are largely transmitted by water. Plasma technology is being used to sterilize polluted water in many industries. In this study, two bacterial pathogens Aeromonas salmonicida and Streptococcus iniae, and a virus (viral hemorrhagic septicemia virus, VHSV) were subjected to plasma water that was produced by a corona discharge system. Growth of A. salmonicida was greatly inhibited from 105.61 CFU/ml in positive control to 103.51 CFU/ml in treated group by only 60 sec contact with plasma water. Similarly, S. iniae was inhibited from 105.85 CFU/ml to 103.40 CFU/ml. VHSV titer also decreased from 104.1 TCID50/ml to 101.45 TCID50/ml by the same treatment. Activation of water by the plasma was confirmed by the existence of ozone in the plasma water. These results suggest that plasma water could efficiently disinfect fish pathogens, possibly by the action of reactive oxygen species contained in the plasma water.","유진호
이지현
문성희
권세련
박태섭
권준영
선문대학교 수산생명의학과
선문대학교 수산생명의학과
선문대학교 수산생명의학과
선문대학교 수산생명의학과
(주)진진이앤티
선문대학교 수산생명의학과",http://click.ndsl.kr/servlet/OpenAPIDetailView?keyValue=00326938&amp;target=NART&amp;cn=JAKO202019062607925,http://click.ndsl.kr/servlet/OpenAPIDetailView?keyValue=00326938&amp;target=NART&amp;cn=JAKO202019062607925&amp;type=mobile
60,국내 인증 기술 및 서비스 현황,,"사용자를 온라인에서 확인하는 인증 기술은 최근 코로나 19로 인한 비대면 서비스들의 확산으로 더욱 중요해졌다. 이러한 인증 기술로는 인터넷/모바일 뱅킹, 전자 정부 등에 널리 사용되고 있는 공인인증서부터 카카오 뱅크 등의 사설인증, 블록체인을 이용한 분산ID 기술, 사용자 편의성을 강조한 간편 인증 등으로 진화하고 있다. 본 기고에서는 여러 가지 형태의 인증 방식에 대한 특징과 동향을 살펴보고 이를 통한 발전 방향을 살펴보고자 한다.","강효관
(주)예티소프트",http://click.ndsl.kr/servlet/OpenAPIDetailView?keyValue=00326938&amp;target=NART&amp;cn=JAKO202020363947027,http://click.ndsl.kr/servlet/OpenAPIDetailView?keyValue=00326938&amp;target=NART&amp;cn=JAKO202020363947027&amp;type=mobile
61,사용자 중심 디자인개념에 기초한 보건용 마스크의 구매 경향성에 관한 연구 - 마스크의 형태와 색상 중심으로,A Study of The Purchasing Tendency of Health-care Masks Based on The User-centered Design Concept-centered on the Form and Color of the Mask,"전 세계에서 코로나바이러스의 대유행으로, 보건위생용품인 마스크는 점점 생활 속 필수방역용품으로 바뀌었다. 그래서 마스크는 개인위생용품에서 점차 사회적 용품이 되었고, 디자인에서 '사용자 중심디자인'의 경향이 강하다. 본 논문은 우선 시장에서 판매되고 있는 보건용 마스크를 연구대상으로 '사용자 중심디자인'의 개념에서 마스크의 외관과 색상 등 디자인 요소를 분석한다. 다음으로, 표본분석법, 페르소나(persona) 분석법, 점 위도 분석법으로 추출한 표본과 수집한 데이터를 대상으로 분석해 '사용자 중심디자인', '구매 경향성' 및 '보건용 마스크' 사이의 관계를 찾아낸다. 사용자가 마스크를 구매할 때 선택한 디자인 요소를 분석하여 사용자 중심디자인 방안을 탐구한다. 여기에는 사용자가 마스크를 구매할 때 마스크의 형태와 색상의 선택과 마스크 디자인 요소 간의 상관관계에 관한 연구는 앞으로 마스크 디자인할 때 디자인의 공백점을 찾을 수 있고 참고할 가치가 있다.","마린
김명수
경대학교 산업디자인학과
부경대학교 산업디자인학과",http://click.ndsl.kr/servlet/OpenAPIDetailView?keyValue=00326938&amp;target=NART&amp;cn=JAKO202028851206563,http://click.ndsl.kr/servlet/OpenAPIDetailView?keyValue=00326938&amp;target=NART&amp;cn=JAKO202028851206563&amp;type=mobile
62,코로나19 스트레스로부터 마음건강 지키기,,,"대한산업보건협회
대한산업보건협회",http://click.ndsl.kr/servlet/OpenAPIDetailView?keyValue=00326938&amp;target=NART&amp;cn=JAKO202063758833639,http://click.ndsl.kr/servlet/OpenAPIDetailView?keyValue=00326938&amp;target=NART&amp;cn=JAKO202063758833639&amp;type=mobile
63,제언 - 코로나 바이러스 감염증-19로부터 의료 인력의 보호 마스크는 효과가 있을까?,,,"김현욱
가톨릭대학교 의과대학 예방의학교실",http://click.ndsl.kr/servlet/OpenAPIDetailView?keyValue=00326938&amp;target=NART&amp;cn=JAKO202063758858892,http://click.ndsl.kr/servlet/OpenAPIDetailView?keyValue=00326938&amp;target=NART&amp;cn=JAKO202063758858892&amp;type=mobile
64,세계보건기구의 마스크 사용 지침에 대한 한국 보건당국의 이행 분석과 함의: 코로나 바이러스 감염병을 중심으로,Analysis and Implications of Korean Health Authorities' Fulfillment on World Health Organization's Recommendations for Mask Use: Focused on COVID-19,"이 연구는 코로나 19 확산에 따른 WHO의 마스크 사용 지침에 대한 한국 보건당국의 이행 및 불이행 내용을 분석하고 그것의 원인과 대안 선택의 결과를 도출하여 전염병 예방에서 지침의 한계와 연구의 함의를 제시하는데 목표가 있다. 이를 위해 국내&amp;#183;외 마스크 관련 문헌들을 고찰하고 WHO의 마스크 지침과 한국 보건당국의 마스크 권고사항을 분석대상으로 한다. 분석 결과는 다음과 같다. 첫째, 한국의 보건당국은 두 차례의 권고 사항에서 WHO의 '제한된 마스크 사용자 관점'을 기본적으로 수용하고 적용해왔다. 둘째, 한국의 보건당국은 마스크 수급이 부족해지면서 WHO 마스크 지침과는 상이한 이행을 하였다. 셋째, 한국의 보건당국은 보편적 마스크의 필요성에 따른 마스크 공급 안정화를 기반으로 코로나 19 초기 방역에 성공할 수 있었다. 넷째, WHO 마스크 지침에서 마스크 사용자 제한은 결과론적으로 지침으로서의 부분적 오류를 드러냈다. 분석에서 도출된 함의는 의학적 근거에 따른 국제 지침일지라도 일단 감염병 팬데믹 상황에선 국제 규칙의 엄격한 준수보다 각국의 방역상황 및 역량에 따라 자율적인 지침을 따르도록 허용할 필요가 있다는 점이다.","김명희
삼육대학교 스미스 학부대학",http://click.ndsl.kr/servlet/OpenAPIDetailView?keyValue=00326938&amp;target=NART&amp;cn=JAKO202024852036404,http://click.ndsl.kr/servlet/OpenAPIDetailView?keyValue=00326938&amp;target=NART&amp;cn=JAKO202024852036404&amp;type=mobile
65,A Study on the Evaluation Standards for the Government Response to COVID-19: By Comparing International Health Regulations(2005) with Analyses of MERS-CoV,정부의 코로나19 사태 대처에 대한 평가기준 연구: &amp;#xff62;국제보건규칙&amp;#xff63;(2005)과 메르스 사태 분석을 비교하여,,"Yang, Sanghee",http://click.ndsl.kr/servlet/OpenAPIDetailView?keyValue=00326938&amp;target=NART&amp;cn=NART99709005,http://click.ndsl.kr/servlet/OpenAPIDetailView?keyValue=00326938&amp;target=NART&amp;cn=NART99709005&amp;type=mobile
66,"에디터스 레터 - After 코로나19, 새로운 기준을 만드는 혼돈의 시간","Editor's letter - After COVID 19, Chaotic times to set new standards",,"홍성용
건축사 편집국",http://click.ndsl.kr/servlet/OpenAPIDetailView?keyValue=00326938&amp;target=NART&amp;cn=JAKO202058355986948,http://click.ndsl.kr/servlet/OpenAPIDetailView?keyValue=00326938&amp;target=NART&amp;cn=JAKO202058355986948&amp;type=mobile
67,"코로나19 원격 교육에서 간호대학 신입생의 학업적 자기효능감, 비판적 사고 성향, 문제해결능력이 대학생활 적응에 미치는 영향","The Influence of Academic Self-Efficacy, Critical Thinking Disposition and Problem Solving Ability on Nursing Freshmen' College Adjustment in the Distance Education During COVID-19","본 연구의 목적은 코로나19 원격 교육에서 간호대학 신입생의 대학생활 적응에 영향을 미치는 요인을 확인하기 위해 시도되었다. 자료는 2020년 8월 31일부터 9월 4일까지 S시 소재의 간호대학 신입생 165명을 대상으로 하였다. 자료분석은 t-test, one-way ANOVA, Pearson 상관분석, 다중회귀 분석을 이용하여 분석하였다. 일반적 특성 중 대학생활 적응과 관련된 요인은 연령, 입학 당시 학력, 입학 동기, 성적이었다. 대학생활 적응은 학업적 자기효능감, 비판적 사고 성향, 문제해결능력과 유의한 양의 상관관계에 있었으며, 이들 변수는 대학생활 적응을 37.7% 설명하였다. 따라서 코로나19로 원격 교육을 받는 간호대학 신입생의 대학생활 적응을 위해 학업적 자기효능감, 비판적 사고 성향, 문제해결능력을 고려한 수업방식과 학생지도가 필요하다.","안성미
동남보건대학교 간호학과",http://click.ndsl.kr/servlet/OpenAPIDetailView?keyValue=00326938&amp;target=NART&amp;cn=JAKO202031064817449,http://click.ndsl.kr/servlet/OpenAPIDetailView?keyValue=00326938&amp;target=NART&amp;cn=JAKO202031064817449&amp;type=mobile
68,"운항 중 항공기 내 감염병 확산 방지를 위한 해외 주요 지침의 대응 요소 분석 연구 - 미국, 캐나다, 유럽연합, 호주, 중국의 객실 운영지침을 중심으로","Comparative review of the guidelines for the infection prevention and control in the cabin during flight - Focused on the guidelines of U.S., Canada, E.U., Australia and China","Purpose: As communicable disease, COVID-19, pandemic strikes over the world, it is critically bewared that air travel possibly be a major pass way to deliver the infectious disease virus. Especially the airplane could be an unique environment to cultivate the virus spreaders. In order to keep the continuous safe airway as well as the industry, related international associations and organizations have been published the guidelines for the prevention and control the infectious disease through the all aspects of aviation. By reviewing the guidelines, focusing on the in-flight infection prevention and control, this study would not only inform a summary of the international guidelines but also provide an essential and general consideration for related research or guideline study. Methods: Guidelines of 5 major countries are reviewed, which has been seriously influenced by COVID-19 : U.S., Canada, E.U., Australia and China. The items of the guidelines are re-categorized as its similarity and structure by applicable cases. Results: The result of this study shows that each guideline seems to share a major structure and issue such as identifying sick traveler, sick passenger care, and cleaning even though that of China has a different since it used to consider the flight conditions based on 3 levels of infection risk. For sick passenger care, the guidelines includes crew safety, service level, sick passenger isolation, and cleaning. Implications: A published guideline as a public manual could be to prevent and control the in-flight infection efficiently and promptly. It also could provide a confidence of knowledge and educate for all users to prepare the in-flight emergency as well.","윤형진
왕수명
최승리
건축학과, 동서울대학교
항공서비스과, 동서울대학교
항공서비스과, 동서울대학교",http://click.ndsl.kr/servlet/OpenAPIDetailView?keyValue=00326938&amp;target=NART&amp;cn=JAKO202026958569647,http://click.ndsl.kr/servlet/OpenAPIDetailView?keyValue=00326938&amp;target=NART&amp;cn=JAKO202026958569647&amp;type=mobile
69,"Relationship between financial management ability, financial self-efficacy, and financial management behavior of university students",,"본 연구는 계속되는 코로나19의 여파로 경제적인 상황이 어려움에 처함에 따라 대학생뿐만 아니라 모든 금융소비자들의 재무관리에 대한 지식과 태도 등 높은 수준의 재무관리역량을 필요로 한다는 문제의식에서 출발하여, 대학생들의 건전한 재무관리역량 수준을 높여줄 수 있는 시사점을 제시하는데 연구의 목적을 두었다. 연구의 목적을 달성하기 위하여 대학생들을 대상으로 하여 설문조사를 실시하였다. 설문조사를 바탕으로 본 연구에서 설정한 연구모형과 관련하여 독립변수는 재무관리역량과 재무적 자기효능감을 종속변수는 재무관리행동을 선정하여 연구모형에 따른 구조적인 관계를 분석하였다. 분석결과 재무관리역량은 재무적 자기효능감과 재무관리행동에 영향을 미치는 것으로 나타났다. 이러한 결과를 기초로 하여 이론적 시사점과 정책적 시사점을 제시하였다. 마지막으로는 본 연구의 한계와 향후 연구방향을 제시하였다.","Yang, Seung-Cheol
Oh, Tae-Kon
Division of Business, Chosun University
Dept. of Law &amp; Police, Howon University",http://click.ndsl.kr/servlet/OpenAPIDetailView?keyValue=00326938&amp;target=NART&amp;cn=JAKO202028662597219,http://click.ndsl.kr/servlet/OpenAPIDetailView?keyValue=00326938&amp;target=NART&amp;cn=JAKO202028662597219&amp;type=mobile
70,공공데이터포털 이용 활성화를 위한 SNS 운용현황 및 개선방안,SNS Operation Status Analysis and Improvement Plan for Facilitating of Use of Open Data Portal,"최근 '코로나19'라는 초유의 재난 사태를 맞이하여 대한민국 정부의 투명한 정보 공개를 통한 적극적 대응에 전 세계가 주목하고 있다. 이렇듯 공공데이터 개방은 특정 정보에 대한 국민의 인지도와 접근성을 높임으로써 다양한 사회적, 경제적 가치를 상승시키는 데 필수적이다. 본 연구는 정부차원에서 주도적으로 수집하고 공개하고 있는 공공데이터포털의 이용 활성화를 위해 각국에서 운영하고 있는 SNS 현황과 그에 따른 개선방안을 제안하고자 한다. 이를 위해 국내&amp;#183;외 공공데이터포털 SNS 운용현황을 살펴보고, 그 중 선진 사례 3국(인도, 미국, 한국)의 서비스를 선정하여 계량 분석, 피드백 분석, 시계열 분석, 정보유형 분석을 실시하였다. 분석결과를 통해 정보유형 및 이용요구를 파악하고 시사점을 도출하여 공공데이터 이용 활성화를 위한 구체적인 개선방안을 제언하였다.","황성욱
정예용
김수정
오효정
전북대학교 기록관리학과
익산지방국토관리청
전북대학교 문헌정보학과, 문화융복합아카이빙연구소
전북대학교 문헌정보학과, 문화융복합아카이빙연구소",http://click.ndsl.kr/servlet/OpenAPIDetailView?keyValue=00326938&amp;target=NART&amp;cn=JAKO202020264316477,http://click.ndsl.kr/servlet/OpenAPIDetailView?keyValue=00326938&amp;target=NART&amp;cn=JAKO202020264316477&amp;type=mobile
71,이달의 계란전망 - 본격적인 더위의 시작과 휴가철의 시작 그리고 코로나19&amp;#8943;,,,"대한양계협회
대한양계협회",http://click.ndsl.kr/servlet/OpenAPIDetailView?keyValue=00326938&amp;target=NART&amp;cn=JAKO202058853212411,http://click.ndsl.kr/servlet/OpenAPIDetailView?keyValue=00326938&amp;target=NART&amp;cn=JAKO202058853212411&amp;type=mobile
72,People Inside - 노수현 원장(국립농산물품질관리원),,농산물품질관리원(이하 농관원)은 국민들이 애용하는 농축산물의 생산과 소비에 있어서 농가 소득안정 지원은 물론 농축산물의 품질 관리를 위해 없어서는 안 될 중추적인 기관이다. 코로나 19시대를 맞이하여 농가의 편의 제공은 물론 친환경 농축산물 인증관리 등 국민들에게 안전한 농식품을 공급하기 위해 오늘도 많은 노력을 기울이고 있다. 본고는 지난 2019년 4월부터 농산물품질관리원장으로 부임하여 업무를 수행하고 있는 노수현 원장을 만나 안전한 농축산물 공급과 농가소득 안정을 위한 농관원의 역할 및 향후 계획을 들어보았다.,"김동진
대한양계협회",http://click.ndsl.kr/servlet/OpenAPIDetailView?keyValue=00326938&amp;target=NART&amp;cn=JAKO202064437942567,http://click.ndsl.kr/servlet/OpenAPIDetailView?keyValue=00326938&amp;target=NART&amp;cn=JAKO202064437942567&amp;type=mobile
73,텍스트 마이닝을 활용한 매스 미디어와 소셜 미디어 의제 분석 : '마스크 5부제'를 중심으로,Mass Media and Social Media Agenda Analysis Using Text Mining : focused on '5-day Rotation Mask Distribution System',"본 연구는 코로나19 사태로 인하여 최근 이슈로 떠오르는 '마스크 5부제'에 대한 온라인 뉴스 기사와 카페글을 분석하여 언론과 대중들의 반응을 담고 있는 매스 미디어와 소셜 미디어 의제를 파악하고, 그 차이점을 알아보았다. 분석을 위해 네이버 뉴스 기사 전문 2,096건과 카페글 1,840건을 수집하고 데이터 전처리 과정과 정제과정을 거쳐 단어 빈도분석, 워드 클라우드, LDA 토픽모델링 분석을 실시하였다. 분석 결과, 매스 미디어에 비해 소셜 미디어는 '대리 구매', '개학 연기', '마스크 사용', '마스크 구입'과 같이 실생활 관련 토픽이 나타나 개인 미디어의 특성이 반영되어 정보 전달의 기능 보다는 개인의 의견, 감정, 정보를 교류하는 역할을 하는 것으로 나타났다. 본 연구에 적용된 연구방법의 적용으로 다양한 미디어 분석을 통해 사회이슈가 공중의제화되고, 정부의제로 진화하는 정책의제설정 과정에서 참고자료로 활용될 수 있을 것이다.","이새미
유승의
안순재
동아대학교 스마트 거버넌스 연구센터
동아대학교 스마트 거버넌스 연구센터
동아대학교 스마트 거버넌스 연구센터",http://click.ndsl.kr/servlet/OpenAPIDetailView?keyValue=00326938&amp;target=NART&amp;cn=JAKO202018955008105,http://click.ndsl.kr/servlet/OpenAPIDetailView?keyValue=00326938&amp;target=NART&amp;cn=JAKO202018955008105&amp;type=mobile
74,코로나19 대응을 위한 책임 있는 디지털 기술의 활용 방안,Responsible usage of digital technologies to manage SARS-CoV-2 pandemic,"신종 코로나 바이러스(SARS-CoV-2)로 인한 팬데믹이 확산되는 추세로 단기간 내 종식을 기대하기 힘든 상황이다. 디지털 기술의 활용은 코로나19 억제에 대해 가시적인 성과를 보여주고 있지만, 개인정보호호 측면에서는 논란이 되고 있다. 본 논문에서는 코로나19 팬데믹에 대한 우리나라 및 각국의 대응 현황을 살펴보고, 디지털 도구를 활용하되 개인정보를 보호하는 방향에 대해 제언한다. 팬데믹 억제를 위해서는 데이터 수집 및 처리가 필수적이지만 개인정보보호를 고려하여 꼭 필요한 수준과 범위로 제한해야 하고, 국제적 규모의 협력과 한시적이고 투명한 개인정보 이용, 이를 위한 법적&amp;#183;제도적 기반 확립이 필요하다. 오늘날 이 같은 데이터와 알고리즘 활용은 지속적으로 증가할 것이므로, 이와 더불어 개인정보보호를 위한 기술&amp;#183;제도적 보완 노력이 계속되어야 한다.","김홍준
엄정호
대전대학교 컴퓨터공학과
대전대학교 군사학과",http://click.ndsl.kr/servlet/OpenAPIDetailView?keyValue=00326938&amp;target=NART&amp;cn=JAKO202030060641021,http://click.ndsl.kr/servlet/OpenAPIDetailView?keyValue=00326938&amp;target=NART&amp;cn=JAKO202030060641021&amp;type=mobile
75,코로나19가 한육우 시장 및 한육우 농가 인력수요에 미치는 영향분석,An Analysis of the Impact of Coronavirus Disease (COVID-19) on the Korean Beef Cattle Market and Farm Labor Demand for Korean Beef Cattle,"The Coronavirus disease (COVID-19), first identified in China in December 2019, has widely spread worldwide and is an ongoing pandemic. It is expected that the ripple effect of COVID-19 on the global economy including the agricultural sector will increase substantially if not properly controlled shortly. This study examines the potential impact of COVID-19 on the Korean beef cattle sector and farm labor demand for Korean beef cattle using a dynamic partial equilibrium model. The agricultural production value and farm labor demand for Korean beef cattle in the scenario assuming pessimistic GDP growth rate (-1.2% in 2020) with no direct supply shocks fell by up to 4.00% and 0.67%, respectively, compared to the baseline which represents the future without COVID-19 outbreak. On the other hand, the agricultural production value and farm labor demand for Korean beef cattle in the scenario assuming both pessimistic GDP growth rate and supply shocks (-12.7% beef imports and + 2.4% feed cost in 2020) increased by up to 12.08% and 1.99%, respectively, compared to the baseline.","김인석
전남대학교 농업경제학과",http://click.ndsl.kr/servlet/OpenAPIDetailView?keyValue=00326938&amp;target=NART&amp;cn=JAKO202023258046736,http://click.ndsl.kr/servlet/OpenAPIDetailView?keyValue=00326938&amp;target=NART&amp;cn=JAKO202023258046736&amp;type=mobile
76,서울시립병원의 코로나19 대응을 통해 본 공공병원의 시사점 고찰,The Response of the Seoul Municipal Hospitals against COVID-19 and Its Implications for Public Hospitals,"Purpose: The purpose of the study is to suggest the main functions and implications of public hospitals to effectively respond to the future epidemic crisis based on analyzing the accessibility to designated Coronavirus Disease 2019 (COVID-19) medical institutions of Seoul and examining the main features of the quarantine of Seoul municipal hospitals. Method: To analyze the response and function of Seoul municipal hospitals, we reviewed the Infectious Disease Control and Prevention ACT, 258 articles of Seoul Metropolitan Government press releases from January to the end of April, 48 articles of Seoul Metropolitan Government's daily newsletters, 2019 Health Bureau Budget report. We also referred to internal data of Seoul Children's Hospital, Seoul Seobuk Hospital, and Seoul Eunpyeong Hospital during the same period. Besides, the accessibility to medical institutions was analyzed by using the COVID-19 data which was announced daily basis. Results: The accessibility of COVID-19 patients living in the Southeastern part of Seoul to a medical institutions was 16.2km on a distance basis, and it was the lowest accessibility among four regions of Seoul since it took about 40 minutes by car. On the other hand, patients living in the Northeast part had the highest accessibility, as the access to medical institutions was 10.7km and 27 minutes by car. Also, the main functions of the municipal hospital of Seoul against COVID-19 were to shift the public hospital function to COVID-19 patients only hospitals, to perform the epidemiological investigation by medical doctors, and to support the operation of self-isolation facilities, community treatment centers and triage rooms of community health centers. Conclusion: Through the experience of COVID-19, we suggested that the functions of public hospitals will be reorganized as the reinforcement of infectious disease treatment and mental health for quarantined patients, cooperation with private hospitals, supporting for strengthening community health capacity and preparation for another epidemic.","손창우
서울연구원 도시사회연구실",http://click.ndsl.kr/servlet/OpenAPIDetailView?keyValue=00326938&amp;target=NART&amp;cn=JAKO202029062617525,http://click.ndsl.kr/servlet/OpenAPIDetailView?keyValue=00326938&amp;target=NART&amp;cn=JAKO202029062617525&amp;type=mobile
77,코로나19 대응조치에 관한 공공도서관 사서인식 조사연구,A Study on the Librarians' Perception of Public Library about the Response to the COVID-19,"코로나19 대유행이 장기화됨에 따라 비대면 사회로 전환되고 있으며, 이는 국내외 도서관계의 서비스 방법론에도 영향을 미치고 있다. 이에 본 연구에서는 공공도서관의 코로나19 대응조치에 관한 사서인식을 조사하였으며, 분석된 결과를 토대로 신종 감염병이 확산 및 장기화되고 있는 상황에서의 공공도서관의 대응방안을 제안하였다. 구체적으로 살펴보면, 첫째, 유행성 질병에 대해 공동으로 대응하는 국가 중심의 도서관 대책 마련, 둘째, 정부 차원의 예산 지원을 통한 다양하고 체계적인 공공도서관 비대면 및 온라인서비스 강화, 셋째, 직원 및 이용자 측면에서의 철저한 방역 및 선제적 대응, 넷째, 정보불평등 계층의 디지털 문화 격차를 해소하기 위한 도서관서비스 확대를 제안하였다.","노영희
장로사
건국대학교 문헌정보학과
숭의여자대학교 문헌정보과",http://click.ndsl.kr/servlet/OpenAPIDetailView?keyValue=00326938&amp;target=NART&amp;cn=JAKO202028161261050,http://click.ndsl.kr/servlet/OpenAPIDetailView?keyValue=00326938&amp;target=NART&amp;cn=JAKO202028161261050&amp;type=mobile
78,출입 통제에 활용 가능한 딥러닝 기반 마스크 착용 판별,Deep learning based face mask recognition for access control,"전 세계적으로 유행하며 수많은 확진자와 사망자를 발생시킨 코로나바이러스-19(COVID-19)는 일상에서 사람 간 전염이 가능하여 국민들을 불안과 공포에 떨게 하고 있다. 감염을 최소화하기 위해서는 건물 출입시 마스크 착용이 필수적이지만 일부 사람들은 여전히 마스크 없이 얼굴을 노출시킨 채 건물에 출입하고 있다. 본 논문에서는 효율적인 출입 통제를 위해 얼굴에 마스크를 착용했는지 여부를 자동으로 판별하는 방법을 제안한다. 제안 방법은 양쪽 눈 영역을 검출하고 눈 위치를 참조하여 마스크 착용 영역(양쪽 눈 아래 얼굴 영역)을 예측한다. 이 때 마스크 착용 영역을 보다 정확히 예측하기 위해 양쪽 눈 위치가 수평이 되도록 얼굴 영역을 회전하여 정렬한다. 정렬된 얼굴 영역에서 추출된 마스크 착용 영역은 이미지 분석에 특화된 딥러닝 기법인 CNN(Convolutional neural network)을 통해 마스크 착용 여부(착용 또는 미착용)를 최종 판별한다. 총 186장의 테스트 이미지에 대해 실험한 결과, 98.4%의 판별 정확도를 보였다.","이승호
한국기술교육대학교 융합학과",http://click.ndsl.kr/servlet/OpenAPIDetailView?keyValue=00326938&amp;target=NART&amp;cn=JAKO202025164427722,http://click.ndsl.kr/servlet/OpenAPIDetailView?keyValue=00326938&amp;target=NART&amp;cn=JAKO202025164427722&amp;type=mobile
79,제언 - 코로나19에서 건강한 일터를 만들기 위한 정책적 방향,,,"김준연
대한산업보건협회",http://click.ndsl.kr/servlet/OpenAPIDetailView?keyValue=00326938&amp;target=NART&amp;cn=JAKO202063758833707,http://click.ndsl.kr/servlet/OpenAPIDetailView?keyValue=00326938&amp;target=NART&amp;cn=JAKO202063758833707&amp;type=mobile
80,"코로나-19 대유행 시 간호대학생의 신종감염병에 대한 인식과 윤리 인식, 윤리적 의사결정","Awareness about pandemic influenza, Ethical Awareness, and Ethical Decision-making among Nursing Students in the situation of COVID-19 pandemic.","본 연구는 코로나-19로 인한 신종감염병 대유행 상황에서 간호대학생의 신종감염병에 대한 인식과 윤리 인식, 윤리적 의사결정 수준을 파악하기 위한 서술적 조사연구이다. 연구대상자는 H읍과 Y시의 간호대학생 3, 4학년 194명이며 2020년 5월 1일부터 6월 20일까지 자료를 수집, SPSS 24.0 프로그램을 이용하여 분석하였다. 연구결과 연구대상자의 신종감염병에 대한 인식은 보통수준이며 윤리 인식과 윤리적 의사결정은 높은 수준이었다. 본인이나 가족의 신종감염병 감염경험이 있는 대상자가 그렇지 않은 대상자보다 윤리 인식과 윤리적 의사결정 수준이 더 높았다. 신종감염병에 대한 인식은 신종감염병 관련 윤리 인식(r=.291, p&lt;.001), 윤리적 의사결정(r=.143, p=.046)과 양의 상관이 있고, 감염병 관련 윤리 인식은 윤리적 의사결정과 양의 상관(r=.274, p&lt;.001)이 있었다. 본 연구 결과를 바탕으로 감염병 대유행 시 간호대학생들의 올바른 윤리적 의사결정을 돕기 위한 교육 프로그램 개발을 제안한다.","박미화
혜전대학교 간호학부",http://click.ndsl.kr/servlet/OpenAPIDetailView?keyValue=00326938&amp;target=NART&amp;cn=JAKO202031064817457,http://click.ndsl.kr/servlet/OpenAPIDetailView?keyValue=00326938&amp;target=NART&amp;cn=JAKO202031064817457&amp;type=mobile
81,대학 원격강의 프로그램의 사용성 연구 -Zoom과 Webex Meetings를 중심으로-,A Study on the Usability of University Remote Lecture -Focusing on Zoom and Webex Meetings-,"본 연구는 대학 원격강의의 질을 높이기 위한 연구의 발판이 되도록 현재 사용되는 대표적인 두 개의 화상 미팅서비스의 사용성 평가를 하는 것이다. 기능을 중심으로 분석하기 위해 카노모델(Kano)을 기반으로 한 질문지를 설계하여 반구조적 심층면담을 실시해 정성적인 접근을 꾀하였다. 두 서비스의 1차원적 기능인 화면공유 기능이 중요하게 여겨지고 있었고 매력적인 기능들은 비교적 다양한 방향성을 갖고 있었다. 꼭 있어야 할 기능인 카메라, 마이크의 경우 사용자에 따른 장비로 인해 질의 격차가 컸다. 대체할 타 플랫폼이 존재하는 업로드/다운로드 기능과 교육적 목적과 거리가 있는 예약하기, 전화걸기 기능들은 활용가치가 낮았다. 웹엑스는 전체적인 노후 된 UI가, 줌은 일방적인 음소거 기능이 원치 않는 기능으로 조사되었다. 그리고 이러한 결과를 분석해서 도출한 결론으로 개발 방향성을 다섯 가지로 제시하였다. 코로나-19에 따른 장기적인 교육 운영 방식을 고민해야 하는 상황에서 본 연구가 이러한 화상미팅 서비스가 교육용으로 개발되는 발판이 되도록 지속적인 연구로 이어져야 할 것이다.","신준
김승인
홍익대학교 국제디자인전문대학원 디자인학 전공
홍익대학교 국제디자인전문대학원 디지털미디어디자인 전공",http://click.ndsl.kr/servlet/OpenAPIDetailView?keyValue=00326938&amp;target=NART&amp;cn=JAKO202031064817490,http://click.ndsl.kr/servlet/OpenAPIDetailView?keyValue=00326938&amp;target=NART&amp;cn=JAKO202031064817490&amp;type=mobile
82,코로나19 원격 교육에서 외로움과 유튜브 과다사용이 대학생활적응에 미치는 영향에 대한 탐색적 연구,An Exploratory Study on Effects of Loneliness and YouTube Addiction on College Life Adjustment in the Distance Education During COVID-19,"본 연구의 목적은 코로나19 원격 교육 환경에서 대학생들의 외로움과 유튜브 과다사용이 대학생활적응과 어떠한 관계가 있는가를 파악하는 것이다. 이를 위하여 본 연구는 외로움과 유튜브 과다사용이 사회 적응 및 학업 적응에 미치는 영향을 파악하는 연구모형을 개발하였다. 본 논문은 온라인 설문조사를 실시하여 95개의 설문조사 데이터를 최종 분석에 적용하였다. 설문 데이터는 구조 방정식 모형을 사용하여 분석하였다. 분석결과는 다음과 같다. 첫째, 외로움이 많을수록 대학 사회 적응과 학업 적응이 낮은 것으로 나타났다. 둘째, 유튜브 과다사용이 많을수록 대학 사회 적응이 낮은 것으로 나타났다. 결론적으로 외로움과 유튜브 과다사용은 대학생활적응을 예측하는 유의한 변인인 것으로 나타났다. 본 연구의 결과는 대학생들이 외로움 관리와 유튜브를 사용을 적절하게 할 수 있도록 돕는 환경 조성과 제도적 지원의 필요성을 시사하고 있다.","이종만
동양미래대학교 경영학부 경영정보학과",http://click.ndsl.kr/servlet/OpenAPIDetailView?keyValue=00326938&amp;target=NART&amp;cn=JAKO202022560455141,http://click.ndsl.kr/servlet/OpenAPIDetailView?keyValue=00326938&amp;target=NART&amp;cn=JAKO202022560455141&amp;type=mobile
83,감염병 상황에서의 도서관 서비스 지속가능성에 대한 연구,A Study on the Sustainability of Library Service in the Situation of Infectious Diseases,도서관은 정보유통을 담당하는 사회적 공기이다. 도서관은 재난상황에서도 사회 통합에 기여할 수 있도록 서비스 제공의 지속가능성을 확보할 필요가 있다. 최근 발생한 코로나 19 바이러스의 확산에 따라 감염을 예방하기 위해 도서관을 폐쇄하고 이용자의 방문을 중단시킨 바 있다. 본고는 예상치 못한 재난 상황에서의 국내외 도서관계의 대응을 살펴보고 지속가능성을 확보할 수 있는 서비스 방안과 방안 수립시의 고려해야할 기본원칙을 제시하였다.,"김성원
충남대학교 문헌정보학과",http://click.ndsl.kr/servlet/OpenAPIDetailView?keyValue=00326938&amp;target=NART&amp;cn=JAKO202016151584934,http://click.ndsl.kr/servlet/OpenAPIDetailView?keyValue=00326938&amp;target=NART&amp;cn=JAKO202016151584934&amp;type=mobile
84,코로나19 확산이 동북아 공항 네트워크 중심성 지수에 미친 영향: 소셜 네트워크 분석을 중심으로,Effects of the COVID-19 spread on the Northeast Asia Airport Network Centrality: Using Social Network Analysis,"본 연구는 코로나19의 세계적 대유행(Pandemic)으로 인한 동북아시아 공항 네트워크의 구조적 변화를 분석하고 공항 경쟁력 향상에 도움을 줄 수 있는 정책 제언을 도출하고자 하였다. 이를 위해 소셜 네트워크 분석(Social Network Analysis; SNA)을 이용하여 코로나19 전후 네트워크의 중심성 분석을 시행하고 네트워크를 시각화하였다. 이를 위해 2019년 3월 4~10일 및 2020년 3월 9~15일 각 일주일간의 동북아시아 공항 국제선 전체를 대상으로 출발&amp;#183;도착하는 노선을 OAG(Official Airline Guide)의 Schedules Analyzer Database를 통해 추출하였다. 분석 결과 코로나19 사태 이후 동북아 공항 네트워크의 노드와 링크, 밀도가 감소한 것으로 나타났다. 전반적인 네트워크 밀도 감소 속에서도 인천공항의 중심성은 상대적으로 덜 감소한 것으로 확인되었다. 수요 급감을 겪고 있는 항공운송산업의 위기 극복을 위해 정부 및 공항의 적극적 지원이 필요할 것이다. 본 연구 결과는 코로나19 확산이 동북아시아 공항 네트워크의 중심성 지수에 미친 영향을 분석하여 향후 수요 회복 시 전략 수립에 필요한 실무적 시사점을 제시하였다는 점에서 의의를 갖는다.","신태진
김석
정세연
인천국제공항공사 공항산업기술연구원
인천국제공항공사 공항산업기술연구원
인천국제공항공사 공항산업기술연구원",http://click.ndsl.kr/servlet/OpenAPIDetailView?keyValue=00326938&amp;target=NART&amp;cn=JAKO202015762902826,http://click.ndsl.kr/servlet/OpenAPIDetailView?keyValue=00326938&amp;target=NART&amp;cn=JAKO202015762902826&amp;type=mobile
85,뉴스 빅데이터를 활용한 코로나19 언론보도 분석 :토픽모델링 분석을 중심으로,COVID-19 News Analysis Using News Big Data : Focusing on Topic Modeling Analysis,"본 연구의 목적은 최근 확산되고 있는 코로나19의 뉴스 빅데이터를 활용하여 언론을 통해 사회적으로 형성되고 있는 주요 의제가 무엇이며 어떻게 변화하는지 파악해, 추후 언론보도의 방향성을 제안하는 것이다. 이를 위해 2019년 12월 31일부터 2020년 3월 11일까지 보도된 47,816건의 뉴스 빅데이터를 감염병 위기경보 4단계(관심-주의-경계-심각)를 기준으로 4개 시기로 구분하여 토픽모델링 분석을 실시해, 총 20개의 토픽을 도출하였다. 토픽 모델링 분석 결과를 토대로, 본 연구에서는 다음 사항들을 제안하였다. 첫째, '불안', '공포' 등의 자극적인 표현을 자제하고 중립적이고 객관적인 보도용어 사용이 필요하다. 둘째, 단순 사건보도식 뉴스제작을 탈피하여, 더욱 심층적이고 맥락적인 뉴스 제작이 요구된다. 셋째, 감염병 관련 상황별 세부 위기커뮤니케이션 매뉴얼 마련이 필요하다. 넷째, 시민주도의 위기 극복노력을 중점적으로 조명하는 보도가 필요하다. 본 연구는 코로나19 뉴스 빅데이터를 토픽모델링 분석방법을 활용하여 분석한 최초의 논문이라는 학술적 의의와 국가 위기커뮤니케이션 정책개발의 기초자료로 활용될 수 있는 정책적 의의를 가진다.","김태종
한국청소년정책연구원 청소년정책분석평가센터",http://click.ndsl.kr/servlet/OpenAPIDetailView?keyValue=00326938&amp;target=NART&amp;cn=JAKO202016263392770,http://click.ndsl.kr/servlet/OpenAPIDetailView?keyValue=00326938&amp;target=NART&amp;cn=JAKO202016263392770&amp;type=mobile
86,아키살롱 - 코로나19와 같은 집단 감염병에 대응하는 건축,Archisalon - Architecture that responds to cluster's infection such as COVID-19,,"김미현
임대근
주평화
홍성훈
전남대학교 건축도시설계전공
금오공과대학교 건축학과
전남대학교 건축도시설계전공
인제대학교 건축학과",http://click.ndsl.kr/servlet/OpenAPIDetailView?keyValue=00326938&amp;target=NART&amp;cn=JAKO202058355987044,http://click.ndsl.kr/servlet/OpenAPIDetailView?keyValue=00326938&amp;target=NART&amp;cn=JAKO202058355987044&amp;type=mobile
87,"Social Impacts of COVID-19 and SDGs Policy Issues - in case of Korea, China and Japan -",코로나19의 사회영향과 SDGs 대응과제 - 한 · 중 · 일을 중심으로 -,,"Kim, Jihyun
Park, Jiyoon",http://click.ndsl.kr/servlet/OpenAPIDetailView?keyValue=00326938&amp;target=NART&amp;cn=NART103449273,http://click.ndsl.kr/servlet/OpenAPIDetailView?keyValue=00326938&amp;target=NART&amp;cn=NART103449273&amp;type=mobile
88,코로나19로 인한 충북의 농촌융복합산업(6차산업) 실태와 활성화방안,,,"이승욱
충북6차산업활성화 지원센터",http://click.ndsl.kr/servlet/OpenAPIDetailView?keyValue=00326938&amp;target=NART&amp;cn=JAKO202029462559417,http://click.ndsl.kr/servlet/OpenAPIDetailView?keyValue=00326938&amp;target=NART&amp;cn=JAKO202029462559417&amp;type=mobile
89,작업치료 전공 학생들의 코로나19로 인한 실습 중단 경험: 현상학적 연구,Occupational Therapy Student's Experience of Interruption of Fieldwork Practice due to COVID19 : Phenomenological Study,"연구의 목적은 코로나19로 인하여 실습이 중단된 작업치료학 전공 대학생들의 경험의 의미를 파악하고, 추후 대책 마련을 위한 기초로 활용하는 것이다. 본 연구는 현상학적 연구로, 코로나바이러스감염증-19로 인하여 실습이 중단된 작업치료학과 학생 총 7명을 대상으로 하였다. 연구자는 전화로 코로나바이러스바이러스감염증-19와 관련하여 실습 중 경험에 대하여 면담을 실시하고 면담내용은 Colaizzi(1978) 자료 분석에 따라 분석하였다. 면담 결과, 17개의 주제, 6개의 주제모음, 2개의 범주로 조직화하였다. 주제모음은 무관심기, 문제인식기, 방황기, 대처기, 후유기, 대처에 대한 기대이었다. 코로나바이러스감염증-19에 대한 문제를 인식한 이후에는 혼란스럽고 답답한 상황을 경험하였고, 실습 중단 과정에서는 불안감, 아쉬움 등을 경험하였다. 학생들은 모든 학교가 동시에 일괄적이고 빠른 대처를 시행하기를 기대하였다. 추후 이와 같은 사태를 대비하여 임상기관, 협회 및 학교가 빠르게 대책을 마련하고 동시에 시행할 수 있는 체계적인 소통 및 전달체계가 필요하다.","정남해
동서대학교 작업치료학과",http://click.ndsl.kr/servlet/OpenAPIDetailView?keyValue=00326938&amp;target=NART&amp;cn=JAKO202028959353950,http://click.ndsl.kr/servlet/OpenAPIDetailView?keyValue=00326938&amp;target=NART&amp;cn=JAKO202028959353950&amp;type=mobile
90,코로나바이러스 재택근무 안전보건 - 코로나바이러스로 재택근무 시 안전보건 확보,,,김수근,http://click.ndsl.kr/servlet/OpenAPIDetailView?keyValue=00326938&amp;target=NART&amp;cn=JAKO202063758833611,http://click.ndsl.kr/servlet/OpenAPIDetailView?keyValue=00326938&amp;target=NART&amp;cn=JAKO202063758833611&amp;type=mobile
91,A Study on Problem Analysis for Safe onLine Video Platform Use,,"2020년 상반기에 코로나 바이러스 감염증(코로나19) 확산 여파로 전 세계적으로 바이러스의 확산을 예방하는 차원에서 학교에서는 비대면 으로 온라인 실시간 수업이 시작하였다. 대부분의 기업 및 학교에서는 온라인 화상 회의 플랫폼을 이용하여 주도적인 회의를 진행하였고, 학교에서도 온라인 수업이 진행되었다. 본 논문 연구는 화상회의에 대한 플랫폼 수요는 높아졌지만 온라인 화상 회의/수업 환경에서 다양하고 유용한 화상회의 프로그램을 이용할 때 제3자의 개입으로 개인정보 유출, 회의 자료 유출, 자료 공유에 대한 문제점을 검토하여 개선하고자 한다. 이 논문에서는 우리는 화상회의 보안 이슈에 대한 안전한 4가지 방법을 제안한다. 1장은 연구의 배경과 목적, 2장에서는 관련 연구로 기존의 온라인 회의 프로그램의 특징에 대해서 살펴보고 3장에서는 온라인 회의 프로그램이 안고 있는 장. 단점을 비교하여 문제점을 분석하였다. 특히, 온라인 화상회의에 대한 다양한 플랫폼 이용 시 관리적인 측면과 보안적인 측면에서 발생할 수 있는 보안 이슈에 대한 문제점을 살펴보고 안전한 대응방안을 제시하였고 4장에서 결론으로 마무리하였다.","Choi, Hee-Sik
Cho, Yang-Hyun
Dept. of Computer Science and Engineering, Sahmyook University
Dept. of Computer Science and Engineering, Sahmyook University",http://click.ndsl.kr/servlet/OpenAPIDetailView?keyValue=00326938&amp;target=NART&amp;cn=JAKO202031458603104,http://click.ndsl.kr/servlet/OpenAPIDetailView?keyValue=00326938&amp;target=NART&amp;cn=JAKO202031458603104&amp;type=mobile
92,"국제산업보건동향 - 국제, ILO 코로나19에 대응하는 사회&amp;#183;경제 방안 발표",,,"대한산업보건협회
대한산업보건협회",http://click.ndsl.kr/servlet/OpenAPIDetailView?keyValue=00326938&amp;target=NART&amp;cn=JAKO202063758858923,http://click.ndsl.kr/servlet/OpenAPIDetailView?keyValue=00326938&amp;target=NART&amp;cn=JAKO202063758858923&amp;type=mobile
93,"이달의 육계전망 - 복 경기 불구! 닭고기 생산량 과잉, 코로나19 확산 영향으로 닭고기 소비 감소",,,"대한양계협회
대한양계협회",http://click.ndsl.kr/servlet/OpenAPIDetailView?keyValue=00326938&amp;target=NART&amp;cn=JAKO202058853212415,http://click.ndsl.kr/servlet/OpenAPIDetailView?keyValue=00326938&amp;target=NART&amp;cn=JAKO202058853212415&amp;type=mobile
94,"건축담론 - 코로나19 이후 뉴노멀 시대, 건축과 도시를 위한 질문들","Architecture Discussion - In the New Normal Era after COVID 19, Questions for architecture and cities",,"조남호
(주)솔토지빈 건축사사무소",http://click.ndsl.kr/servlet/OpenAPIDetailView?keyValue=00326938&amp;target=NART&amp;cn=JAKO202058355986963,http://click.ndsl.kr/servlet/OpenAPIDetailView?keyValue=00326938&amp;target=NART&amp;cn=JAKO202058355986963&amp;type=mobile
95,"건축담론 - 포스트 코로나 시대의 건축과 도시 _ 조립식 건축, 온라인 회의&amp;#8943;키워드는 '비대면'","Architecture Discussion - Post-Corona Architecture and City _ Prefabricated Building, Online Conference&amp;#8943;The Keyword is 'Untact'",,이유리,http://click.ndsl.kr/servlet/OpenAPIDetailView?keyValue=00326938&amp;target=NART&amp;cn=JAKO202058355986967,http://click.ndsl.kr/servlet/OpenAPIDetailView?keyValue=00326938&amp;target=NART&amp;cn=JAKO202058355986967&amp;type=mobile
96,지역사회와 함께 하는 코로나19(COVID-19) 극복,Overcoming the COVID-19 Epidemics with Communities in Korea,,"이무식
건양대학교 의과대학 예방의학교실",http://click.ndsl.kr/servlet/OpenAPIDetailView?keyValue=00326938&amp;target=NART&amp;cn=JAKO202009863557979,http://click.ndsl.kr/servlet/OpenAPIDetailView?keyValue=00326938&amp;target=NART&amp;cn=JAKO202009863557979&amp;type=mobile
97,국가 융합 R&amp;D 기획을 위한 글로벌 연구개발 과제 정보의 활용연구: 코로나 바이러스 연구를 중심으로,Analyzing Global National Scientific Funds for Korea National R&amp;D planning: In Case of Coronaviruses,"신종 코로나 바이러스(COVID-19)가 세계적으로 대유행하고 있다. 정부는 세계적인 전염병 확산에 대응할 수 있는 국가적 기술 역량 확보에 필요한 연구개발(R&amp;D) 투자를 통해 향후 성장 동력을 확보하고 단기 경기 부양을 추진하고 있다. 따라서 코로나 바이러스에 대한 R&amp;D 투자 및 연구현황을 종합적으로 파악하여 향후 R&amp;D 기획의 방향성을 정립하기 위한 지식정보가 필요한 시점이다. 주요 해외 국가(미국, EU 등) R&amp;D 과제를 기반으로 4개(세부 5개) R&amp;D 영역을 도출하고, 국내 R&amp;D 과제와의 비교분석을 통해 차별화된 2개 R&amp;D 영역을 추가하였다. 제시된 6(세부 7개)개의 R&amp;D 연구영역별 국내외 연구기관-연구과제명-과제규모-과제기간을 제시하였다. 동시에 학제 간 융합적 특징을 나타내는 R&amp;D 과제를 제시하였다. 본 연구는 코로나 바이러스 관련 국내 경쟁 우위 영역과 차별화된 연구영역을 도출하여 현재 세계적으로 조명받고 있는 코로나 바이러스 검출 및 현장진단 역량의 우수성을 입증하고, 향후 집중 투자 영역을 제시하였다.","이도연
허요섭
김근환
한국과학기술정보연구원 데이터분석본부
한국과학기술정보연구원 데이터분석본부
한국과학기술정보연구원 데이터분석본부",http://click.ndsl.kr/servlet/OpenAPIDetailView?keyValue=00326938&amp;target=NART&amp;cn=JAKO202013363976657,http://click.ndsl.kr/servlet/OpenAPIDetailView?keyValue=00326938&amp;target=NART&amp;cn=JAKO202013363976657&amp;type=mobile
98,코로나19의 백신개발 동향 및 백신비축 규모에 관한 소론,,"본고는 코로나19라는 글로벌 팬데믹 상황에서 감염병 역학모형에 관한 내용과 기초재생산수, 집단면역임계, 백신비축 등의 주요 개념을 개론 수준에서 다루었다. 국내 첫 감염자 발생 이후 4월 12일까지의 데이터를 기준으로 분석해 볼 때 한국의 기초재생산수는 약 2의 값을 가지는데 이는 코로나19가 발생한 다른 나라에 비해 현저히 낮은 수치로 평가된다. 만일에 코로나19 백신이 개발되는 것을 가정하여 이의 비축규모를 추정해보면 인구의 최소 62%에 공급할 수 있는 수준이어야 하는 것으로 나타났다. 한편, 한국의 코로나19의 성공적 대응에는 사회적 거리두기 정책이 주된 요인 중의 하나라는 점도 발견하였다. 그러나 5월 이후 사회적 거리두기에 대한 다소 느슨해진 경향이 없지 않은데, 지역감염의 확산을 위해서는 원론적으로 대응할 필요가 있다. 본고는 학술적 관점이 아닌, 방역의 실무적 차원에서 역학모형, 그리고 경제-역학 모형을 활용하는 방법을 소개한 것 뿐이다. 보다 정교한 역학 모형을 제대로 연구하기 위해서는 상당한 규모의 팀워크가 필요하다. 2015년 메르스 이후 역학조사를 위한 자원이 보강되었다 하지만, 앞으로 역학조사 인력, 데이터 시스템 구축, 그리고 보건&amp;#183;경제&amp;#183;통계&amp;#183;수학 분야 등의 연구진이 보강되어야 할 것이다.","박호정
임재영
고려대 식품자원경제학과, 에너지환경대학원
의약품정책연구소 연구조정실",http://click.ndsl.kr/servlet/OpenAPIDetailView?keyValue=00326938&amp;target=NART&amp;cn=JAKO202019762875152,http://click.ndsl.kr/servlet/OpenAPIDetailView?keyValue=00326938&amp;target=NART&amp;cn=JAKO202019762875152&amp;type=mobile
99,코로나 사태와 관련된 실무적 대응방안,,,"임정주
(주) The TEAM",http://click.ndsl.kr/servlet/OpenAPIDetailView?keyValue=00326938&amp;target=NART&amp;cn=JAKO202016954354345,http://click.ndsl.kr/servlet/OpenAPIDetailView?keyValue=00326938&amp;target=NART&amp;cn=JAKO202016954354345&amp;type=mobile
